offer_id,network,name,category,keywords,problem_tags,event_tags,affiliate_url,landing_url,reward_type,reward_value,allowed_media,status,last_verified_at
cooling_fan_demo,research,携帯扇風機候補,季節・暮らし,猛暑|暑さ|熱帯夜,暑さ対策,猛暑|気温上昇,,,percent,0,site|x|threads|instagram,research,2026-06-24
cooling_bedding_demo,research,冷感寝具候補,季節・暮らし,熱帯夜|寝苦しい|猛暑,睡眠環境,熱帯夜|猛暑,,,percent,0,site|x|threads|instagram,research,2026-06-24
dehumidifier_demo,research,除湿機候補,季節・暮らし,梅雨|湿度|部屋干し,湿気対策,梅雨入り|湿度上昇,,,percent,0,site|x|threads|instagram,research,2026-06-24
mobile_battery_demo,research,モバイル電源候補,季節・暮らし,停電|台風|防災,停電対策,台風|防災週間,,,percent,0,site|x|threads|instagram,research,2026-06-24
mens_skincare_demo,research,メンズスキンケア候補,美容,メンズ美容|スキンケア|新商品,身だしなみ,コスメ新商品|検索増,,,percent,0,site|x|threads|instagram,research,2026-06-24
protein_demo,research,プロテイン候補,フィットネス,筋トレ|プロテイン|新味,栄養補助,筋トレ開始|新商品,,,percent,0,site|x|threads|instagram,research,2026-06-24
ai_tool_demo,research,AIツール候補,AI・ガジェット,AI|新機能|生成AI,業務効率,AIモデル発表|アプリ新機能,,,fixed,0,site|x|threads|instagram,research,2026-06-24
charger_demo,research,急速充電器候補,AI・ガジェット,スマホ|充電|新型,充電,新型スマホ|対応規格変更,,,percent,0,site|x|threads|instagram,research,2026-06-24
ai_writing_tool_research,research,AIライティングツール候補,AI・ガジェット,AIライティングツール|AI ライティング|【2本目半額 雲の触感】iPhone17 e 充電ケーブル 240W 超速充電 65w PD 充電器 USB-C Type-c/Lighting ケーブル 3台同時充電 スマホ ケーブル 温度制御 iphone16 充電器 液晶パネル スマホ 充電器 30W ケーブル iphone17 promax/MacBook/iPad/ノートパソコン 充電器 3ポート,AIライティングツール,AI ライティング,,,percent,0,site|x,research,2026-06-27
ai_design_tool_research,research,AIデザインツール候補,AI・ガジェット,AIデザインツール|AI デザイン|【セール988円→888円!!!】【petit main プティマイン 長袖Tシャツ】2026年新作有 長袖 Tシャツ ロンT トップス プチマイン プチプラ 女の子 男の子 ボーダー かっこいい かわいい,AIデザインツール,AI デザイン,,,percent,0,site|x,research,2026-06-27
usb_c_cable_research,rakuten,【安心の30日保証付き】 【全機種対応】 iphone 充電 ケーブル 充電器 タイプCケーブル タイプBケーブル 50cm 1m 2m 3m アイフォン 携帯充電器 スマホ 充電 急速充電 充電コード 充電器ケーブル ライトニング用 Lightning端子 コード USB ホワイト,AI・ガジェット,USB-Cケーブル|USB-C ケーブル|【安心の30日保証付き】 【全機種対応】 iphone 充電 ケーブル 充電器 タイプCケーブル タイプBケーブル 50cm 1m 2m 3m アイフォン 携帯充電器 スマホ 充電 急速充電 充電コード 充電器ケーブル ライトニング用 Lightning端子 コード USB ホワイト,USB-Cケーブル,USB-C ケーブル,https://hb.afl.rakuten.co.jp/hgc/g00ty3kn.ndhmt465.g00ty3kn.ndhmubfe/?pc=https%3A%2F%2Fitem.rakuten.co.jp%2Fcigar-shop%2Flightning1-1%2F&m=http%3A%2F%2Fm.rakuten.co.jp%2Fcigar-shop%2Fi%2F10000171%2F&rafcid=wsc_i_is_124a6e86-bc9f-4472-a72d-86c28484d720,https://hb.afl.rakuten.co.jp/hgc/g00ty3kn.ndhmt465.g00ty3kn.ndhmubfe/?pc=https%3A%2F%2Fitem.rakuten.co.jp%2Fcigar-shop%2Flightning1-1%2F&m=http%3A%2F%2Fm.rakuten.co.jp%2Fcigar-shop%2Fi%2F10000171%2F&rafcid=wsc_i_is_124a6e86-bc9f-4472-a72d-86c28484d720,percent,0,site|x,active,2026-06-27
mobile_battery_light_research,rakuten,【お得な980円！】モバイルバッテリー 小型 軽量 便利 超小型 超軽量 ミニ 直接充電 コネクター内蔵 5000mAh 長さ7.5cm ios用 持ち運び やすい コードレス iPhone充電対応 Android充電対応　Type-C,AI・ガジェット,軽量モバイルバッテリー|モバイルバッテリー 軽量|【お得な980円！】モバイルバッテリー 小型 軽量 便利 超小型 超軽量 ミニ 直接充電 コネクター内蔵 5000mAh 長さ7.5cm ios用 持ち運び やすい コードレス iPhone充電対応 Android充電対応　Type-C,軽量モバイルバッテリー,モバイルバッテリー 軽量,https://hb.afl.rakuten.co.jp/hgc/g00u1zcn.ndhmte0b.g00u1zcn.ndhmu044/?pc=https%3A%2F%2Fitem.rakuten.co.jp%2Fshimachan-store%2Fshimc168%2F&m=http%3A%2F%2Fm.rakuten.co.jp%2Fshimachan-store%2Fi%2F10000177%2F&rafcid=wsc_i_is_124a6e86-bc9f-4472-a72d-86c28484d720,https://hb.afl.rakuten.co.jp/hgc/g00u1zcn.ndhmte0b.g00u1zcn.ndhmu044/?pc=https%3A%2F%2Fitem.rakuten.co.jp%2Fshimachan-store%2Fshimc168%2F&m=http%3A%2F%2Fm.rakuten.co.jp%2Fshimachan-store%2Fi%2F10000177%2F&rafcid=wsc_i_is_124a6e86-bc9f-4472-a72d-86c28484d720,percent,0,site|x,active,2026-06-27
mobile_battery_high_output_research,rakuten,モバイルバッテリー ケーブル内蔵 大容量 10000mAh Type-C 軽量 iPhone16 iPhone17 Android対応 充電器 パワーバンク 小型 急速充電 3台同時充電 ケーブル付き 携帯便利 スマホ ゲーム機 デジカメ 防災グッズ 旅行 出張に最適【ネコポス】,AI・ガジェット,高出力モバイルバッテリー|モバイルバッテリー 高出力|モバイルバッテリー ケーブル内蔵 大容量 10000mAh Type-C 軽量 iPhone16 iPhone17 Android対応 充電器 パワーバンク 小型 急速充電 3台同時充電 ケーブル付き 携帯便利 スマホ ゲーム機 デジカメ 防災グッズ 旅行 出張に最適【ネコポス】,高出力モバイルバッテリー,モバイルバッテリー 高出力,https://hb.afl.rakuten.co.jp/hgc/g00t4kan.ndhmt00c.g00t4kan.ndhmuc89/?pc=https%3A%2F%2Fitem.rakuten.co.jp%2Fitoplus%2F10002-140%2F&m=http%3A%2F%2Fm.rakuten.co.jp%2Fitoplus%2Fi%2F10000076%2F&rafcid=wsc_i_is_124a6e86-bc9f-4472-a72d-86c28484d720,https://hb.afl.rakuten.co.jp/hgc/g00t4kan.ndhmt00c.g00t4kan.ndhmuc89/?pc=https%3A%2F%2Fitem.rakuten.co.jp%2Fitoplus%2F10002-140%2F&m=http%3A%2F%2Fm.rakuten.co.jp%2Fitoplus%2Fi%2F10000076%2F&rafcid=wsc_i_is_124a6e86-bc9f-4472-a72d-86c28484d720,percent,0,site|x,active,2026-06-27
mens_facewash_research,rakuten,ドレスリフト フェイシャルウォッシュ【アテニア 公式】 [ 化粧品 スキンケア 洗顔 毛穴 40代 50代 60代 保湿 エイジングケア 洗顔料 洗顔フォーム 洗顔クリーム フェイスケア ハリ 乾燥肌 濃密泡 フェイスウォッシュ パラベンフリー エイジング 泡 保湿洗顔 毛穴 ],美容,洗顔料|洗顔フォーム|ドレスリフト フェイシャルウォッシュ【アテニア 公式】 [ 化粧品 スキンケア 洗顔 毛穴 40代 50代 60代 保湿 エイジングケア 洗顔料 洗顔フォーム 洗顔クリーム フェイスケア ハリ 乾燥肌 濃密泡 フェイスウォッシュ パラベンフリー エイジング 泡 保湿洗顔 毛穴 ],洗顔料,洗顔フォーム,https://hb.afl.rakuten.co.jp/hgc/g00tna6n.ndhmt823.g00tna6n.ndhmu808/?pc=https%3A%2F%2Fitem.rakuten.co.jp%2Fattenir%2F159089%2F&m=http%3A%2F%2Fm.rakuten.co.jp%2Fattenir%2Fi%2F10000226%2F&rafcid=wsc_i_is_124a6e86-bc9f-4472-a72d-86c28484d720,https://hb.afl.rakuten.co.jp/hgc/g00tna6n.ndhmt823.g00tna6n.ndhmu808/?pc=https%3A%2F%2Fitem.rakuten.co.jp%2Fattenir%2F159089%2F&m=http%3A%2F%2Fm.rakuten.co.jp%2Fattenir%2Fi%2F10000226%2F&rafcid=wsc_i_is_124a6e86-bc9f-4472-a72d-86c28484d720,percent,0,site|x|instagram,active,2026-06-27
mens_moisturizer_research,rakuten,れんげ化粧水 140cc 生レモン果汁の化粧水 素肌を育てるシンプルケア 100年続く素肌づくり 【れんげ研究所 公式オンラインショップ】 (使用期限9月30日) エイジングケア 化粧水 保湿 ノーファンデ スキンケア シミ 肌荒れ,美容,保湿アイテム|化粧水 保湿|れんげ化粧水 140cc 生レモン果汁の化粧水 素肌を育てるシンプルケア 100年続く素肌づくり 【れんげ研究所 公式オンラインショップ】 (使用期限9月30日) エイジングケア 化粧水 保湿 ノーファンデ スキンケア シミ 肌荒れ,保湿アイテム,化粧水 保湿,https://hb.afl.rakuten.co.jp/hgc/g00rxi6n.ndhmta44.g00rxi6n.ndhmu997/?pc=https%3A%2F%2Fitem.rakuten.co.jp%2Frenngekesyousui%2F10000002%2F&m=http%3A%2F%2Fm.rakuten.co.jp%2Frenngekesyousui%2Fi%2F10000002%2F&rafcid=wsc_i_is_124a6e86-bc9f-4472-a72d-86c28484d720,https://hb.afl.rakuten.co.jp/hgc/g00rxi6n.ndhmta44.g00rxi6n.ndhmu997/?pc=https%3A%2F%2Fitem.rakuten.co.jp%2Frenngekesyousui%2F10000002%2F&m=http%3A%2F%2Fm.rakuten.co.jp%2Frenngekesyousui%2Fi%2F10000002%2F&rafcid=wsc_i_is_124a6e86-bc9f-4472-a72d-86c28484d720,percent,0,site|x|instagram,active,2026-06-27
training_mat_research,rakuten,【選べる4サイズ】Soomloom ヨガマット 10mm 15mm トレーニングマット ヨガ ピラティス エクササイズ マット 初心者 ゴム 収納バンド ケース付き ダイエット 上級者 極厚 器具 yoga ケース 腹筋 脚痩せ フィットネス ヨガ NBR ヨガマット 売れ筋,フィットネス,トレーニングマット|トレーニングマット|【選べる4サイズ】Soomloom ヨガマット 10mm 15mm トレーニングマット ヨガ ピラティス エクササイズ マット 初心者 ゴム 収納バンド ケース付き ダイエット 上級者 極厚 器具 yoga ケース 腹筋 脚痩せ フィットネス ヨガ NBR ヨガマット 売れ筋,トレーニングマット,トレーニングマット,https://hb.afl.rakuten.co.jp/hgc/g00rdevn.ndhmt74d.g00rdevn.ndhmu4c1/?pc=https%3A%2F%2Fitem.rakuten.co.jp%2Fyiprefer%2Ftra-003%2F&m=http%3A%2F%2Fm.rakuten.co.jp%2Fyiprefer%2Fi%2F10001544%2F&rafcid=wsc_i_is_124a6e86-bc9f-4472-a72d-86c28484d720,https://hb.afl.rakuten.co.jp/hgc/g00rdevn.ndhmt74d.g00rdevn.ndhmu4c1/?pc=https%3A%2F%2Fitem.rakuten.co.jp%2Fyiprefer%2Ftra-003%2F&m=http%3A%2F%2Fm.rakuten.co.jp%2Fyiprefer%2Fi%2F10001544%2F&rafcid=wsc_i_is_124a6e86-bc9f-4472-a72d-86c28484d720,percent,0,site|x,active,2026-06-27
resistance_band_research,rakuten,トレーニングチューブ 強度別5本セット 日本語トレーニング動画 収納ポーチ付 STEADY ステディ ゴムチューブ フィットネスチューブ ゴムバンド エクササイズバンド リハビリ トレーニング ST104,フィットネス,トレーニングチューブ|トレーニングチューブ|トレーニングチューブ 強度別5本セット 日本語トレーニング動画 収納ポーチ付 STEADY ステディ ゴムチューブ フィットネスチューブ ゴムバンド エクササイズバンド リハビリ トレーニング ST104,トレーニングチューブ,トレーニングチューブ,https://hb.afl.rakuten.co.jp/hgc/g00sauln.ndhmte84.g00sauln.ndhmud44/?pc=https%3A%2F%2Fitem.rakuten.co.jp%2Ftkms%2F138798484%2F&m=http%3A%2F%2Fm.rakuten.co.jp%2Ftkms%2Fi%2F10000643%2F&rafcid=wsc_i_is_124a6e86-bc9f-4472-a72d-86c28484d720,https://hb.afl.rakuten.co.jp/hgc/g00sauln.ndhmte84.g00sauln.ndhmud44/?pc=https%3A%2F%2Fitem.rakuten.co.jp%2Ftkms%2F138798484%2F&m=http%3A%2F%2Fm.rakuten.co.jp%2Ftkms%2Fi%2F10000643%2F&rafcid=wsc_i_is_124a6e86-bc9f-4472-a72d-86c28484d720,percent,0,site|x,active,2026-06-27
portable_fan_research,rakuten,"【クーポンで1点1,188円～】楽天1位 洗える ハンディファン 首かけ 5way 離乳食 冷ます 卓上扇風機 首掛け扇風機 小型扇風機 携帯扇風機 首かけ扇風機 扇風機 折りたたみ ネッククーラー 卓上 スタンド おしゃれ 可愛い 暑さ対策 グッズ 熱中症対策グッズ Lafuture",季節・暮らし,"携帯扇風機|携帯扇風機|【クーポンで1点1,188円～】楽天1位 洗える ハンディファン 首かけ 5way 離乳食 冷ます 卓上扇風機 首掛け扇風機 小型扇風機 携帯扇風機 首かけ扇風機 扇風機 折りたたみ ネッククーラー 卓上 スタンド おしゃれ 可愛い 暑さ対策 グッズ 熱中症対策グッズ Lafuture",携帯扇風機,携帯扇風機,https://hb.afl.rakuten.co.jp/hgc/g00s0hgn.ndhmtfab.g00s0hgn.ndhmu462/?pc=https%3A%2F%2Fitem.rakuten.co.jp%2Fpremium-interior%2Flff-lafuture30%2F&m=http%3A%2F%2Fm.rakuten.co.jp%2Fpremium-interior%2Fi%2F10004375%2F&rafcid=wsc_i_is_124a6e86-bc9f-4472-a72d-86c28484d720,https://hb.afl.rakuten.co.jp/hgc/g00s0hgn.ndhmtfab.g00s0hgn.ndhmu462/?pc=https%3A%2F%2Fitem.rakuten.co.jp%2Fpremium-interior%2Flff-lafuture30%2F&m=http%3A%2F%2Fm.rakuten.co.jp%2Fpremium-interior%2Fi%2F10004375%2F&rafcid=wsc_i_is_124a6e86-bc9f-4472-a72d-86c28484d720,percent,0,site|x,active,2026-06-27
air_circulator_research,rakuten,サーキュレーター アイリスオーヤマ WOOZOO 扇風機 自動 左右 首振り 手動 角度調節 全分解 洗える 丸洗い お手入れ簡単 パワフル送風 エアコン併用 冷房 暖房 部屋干し 衣類乾燥 ノーマル PCF-HD15EC マカロン PCF-MKM15EC *,季節・暮らし,サーキュレーター|サーキュレーター|サーキュレーター アイリスオーヤマ WOOZOO 扇風機 自動 左右 首振り 手動 角度調節 全分解 洗える 丸洗い お手入れ簡単 パワフル送風 エアコン併用 冷房 暖房 部屋干し 衣類乾燥 ノーマル PCF-HD15EC マカロン PCF-MKM15EC *,サーキュレーター,サーキュレーター,https://hb.afl.rakuten.co.jp/hgc/g00qvevn.ndhmt162.g00qvevn.ndhmua3c/?pc=https%3A%2F%2Fitem.rakuten.co.jp%2Fkadenrand%2F538823%2F&m=http%3A%2F%2Fm.rakuten.co.jp%2Fkadenrand%2Fi%2F10015654%2F&rafcid=wsc_i_is_124a6e86-bc9f-4472-a72d-86c28484d720,https://hb.afl.rakuten.co.jp/hgc/g00qvevn.ndhmt162.g00qvevn.ndhmua3c/?pc=https%3A%2F%2Fitem.rakuten.co.jp%2Fkadenrand%2F538823%2F&m=http%3A%2F%2Fm.rakuten.co.jp%2Fkadenrand%2Fi%2F10015654%2F&rafcid=wsc_i_is_124a6e86-bc9f-4472-a72d-86c28484d720,percent,0,site|x,active,2026-06-27
cooling_bedding_research,rakuten,敷きパッド シングル 夏 冷感敷きパッド セミダブル ダブル ひんやり 接触冷感 敷きパッド リバーシブル 冷感シーツ 夏用敷きパッド 敷きパッド 夏用 「 レノ 」 レギュラー プレミアム 冷感パッド 冷感マット おすすめ,季節・暮らし,冷感寝具|冷感寝具|敷きパッド シングル 夏 冷感敷きパッド セミダブル ダブル ひんやり 接触冷感 敷きパッド リバーシブル 冷感シーツ 夏用敷きパッド 敷きパッド 夏用 「 レノ 」 レギュラー プレミアム 冷感パッド 冷感マット おすすめ,冷感寝具,冷感寝具,https://hb.afl.rakuten.co.jp/hgc/g00q9e3n.ndhmt099.g00q9e3n.ndhmu3b6/?pc=https%3A%2F%2Fitem.rakuten.co.jp%2Faizu-corp%2F9897120%2F&m=http%3A%2F%2Fm.rakuten.co.jp%2Faizu-corp%2Fi%2F10036297%2F&rafcid=wsc_i_is_124a6e86-bc9f-4472-a72d-86c28484d720,https://hb.afl.rakuten.co.jp/hgc/g00q9e3n.ndhmt099.g00q9e3n.ndhmu3b6/?pc=https%3A%2F%2Fitem.rakuten.co.jp%2Faizu-corp%2F9897120%2F&m=http%3A%2F%2Fm.rakuten.co.jp%2Faizu-corp%2Fi%2F10036297%2F&rafcid=wsc_i_is_124a6e86-bc9f-4472-a72d-86c28484d720,percent,0,site|x,active,2026-06-27
usb_c_charger_multi_research,rakuten,【2本目半額】GaNII窒化ガリウム 急速充電器 USB-A USB-C GaN 20W 30W 45W 65W 100W PD QC4.0 PPS USB充電器 同時充電 小型 軽量 usb Type-C タイプc 高速充電 ACアダプタ スマートフォン タブレット 安全設計 持ち運び PSE技術基準適合 msl 送料無料,AI・ガジェット,多ポート充電器|多ポート 充電器|【2本目半額】GaNII窒化ガリウム 急速充電器 USB-A USB-C GaN 20W 30W 45W 65W 100W PD QC4.0 PPS USB充電器 同時充電 小型 軽量 usb Type-C タイプc 高速充電 ACアダプタ スマートフォン タブレット 安全設計 持ち運び PSE技術基準適合 msl 送料無料,多ポート充電器,多ポート 充電器,https://hb.afl.rakuten.co.jp/hgc/g00u1wdn.ndhmt866.g00u1wdn.ndhmudc4/?pc=https%3A%2F%2Fitem.rakuten.co.jp%2Fsunivision%2Fmsl%2F&m=http%3A%2F%2Fm.rakuten.co.jp%2Fsunivision%2Fi%2F10000208%2F&rafcid=wsc_i_is_124a6e86-bc9f-4472-a72d-86c28484d720,https://hb.afl.rakuten.co.jp/hgc/g00u1wdn.ndhmt866.g00u1wdn.ndhmudc4/?pc=https%3A%2F%2Fitem.rakuten.co.jp%2Fsunivision%2Fmsl%2F&m=http%3A%2F%2Fm.rakuten.co.jp%2Fsunivision%2Fi%2F10000208%2F&rafcid=wsc_i_is_124a6e86-bc9f-4472-a72d-86c28484d720,percent,0,site|x,active,2026-06-27
usb_c_charger_small_research,rakuten,P9倍 楽天1位【30分で65%まで充電 GaN搭載】急速充電器 ケーブル セット PSE認証 充電器 急速 タイプc acアダプター タイプcケーブル ライトニングケーブル 充電ケーブル android 充電器 iphone 急速充電 充電器 cタイプ PD acアダプタ usb-c USB iphoneケーブル 充電コード,AI・ガジェット,小型USB-C充電器|急速充電器|P9倍 楽天1位【30分で65%まで充電 GaN搭載】急速充電器 ケーブル セット PSE認証 充電器 急速 タイプc acアダプター タイプcケーブル ライトニングケーブル 充電ケーブル android 充電器 iphone 急速充電 充電器 cタイプ PD acアダプタ usb-c USB iphoneケーブル 充電コード,小型USB-C充電器,急速充電器,https://hb.afl.rakuten.co.jp/hgc/g00rgnwn.ndhmtafc.g00rgnwn.ndhmuab9/?pc=https%3A%2F%2Fitem.rakuten.co.jp%2Fcase-by-case%2F1000-2%2F&m=http%3A%2F%2Fm.rakuten.co.jp%2Fcase-by-case%2Fi%2F10002069%2F&rafcid=wsc_i_is_124a6e86-bc9f-4472-a72d-86c28484d720,https://hb.afl.rakuten.co.jp/hgc/g00rgnwn.ndhmtafc.g00rgnwn.ndhmuab9/?pc=https%3A%2F%2Fitem.rakuten.co.jp%2Fcase-by-case%2F1000-2%2F&m=http%3A%2F%2Fm.rakuten.co.jp%2Fcase-by-case%2Fi%2F10002069%2F&rafcid=wsc_i_is_124a6e86-bc9f-4472-a72d-86c28484d720,percent,0,site|x,active,2026-06-27
mobile_battery_cable_built_in_research,rakuten,オシャモバ 正規品【モバイルバッテリー 5000mAh usbc 軽量 小型 ミニ iFace対応 名入れ ミニ iPhone ケーブル内蔵 軽い かわいい typec ケーブル不要 スタンド 防災】[メール便送料無料] OSHAMOBA mini {3} sss,AI・ガジェット,ケーブル内蔵バッテリー|ケーブル内蔵 モバイルバッテリー|オシャモバ 正規品【モバイルバッテリー 5000mAh usbc 軽量 小型 ミニ iFace対応 名入れ ミニ iPhone ケーブル内蔵 軽い かわいい typec ケーブル不要 スタンド 防災】[メール便送料無料] OSHAMOBA mini {3} sss,ケーブル内蔵バッテリー,ケーブル内蔵 モバイルバッテリー,https://hb.afl.rakuten.co.jp/hgc/g00rl3en.ndhmt388.g00rl3en.ndhmu648/?pc=https%3A%2F%2Fitem.rakuten.co.jp%2Fcorsage%2F1005-174%2F&m=http%3A%2F%2Fm.rakuten.co.jp%2Fcorsage%2Fi%2F10001817%2F&rafcid=wsc_i_is_124a6e86-bc9f-4472-a72d-86c28484d720,https://hb.afl.rakuten.co.jp/hgc/g00rl3en.ndhmt388.g00rl3en.ndhmu648/?pc=https%3A%2F%2Fitem.rakuten.co.jp%2Fcorsage%2F1005-174%2F&m=http%3A%2F%2Fm.rakuten.co.jp%2Fcorsage%2Fi%2F10001817%2F&rafcid=wsc_i_is_124a6e86-bc9f-4472-a72d-86c28484d720,percent,0,site|x,active,2026-06-27
protein_research,rakuten,VITAS バイタス ホエイ プロテイン 100 WPCプロテイン 1kg ブルーベリーヨーグルト キウイ バナナ あまおう チョコ マンゴー ミックス,フィットネス,プロテイン|ホエイ プロテイン 1kg|VITAS バイタス ホエイ プロテイン 100 WPCプロテイン 1kg ブルーベリーヨーグルト キウイ バナナ あまおう チョコ マンゴー ミックス,プロテイン,ホエイ プロテイン 1kg,https://hb.afl.rakuten.co.jp/hgc/g00tainn.ndhmte7d.g00tainn.ndhmu2f4/?pc=https%3A%2F%2Fitem.rakuten.co.jp%2Ftoyomarket%2Fvitas006%2F&m=http%3A%2F%2Fm.rakuten.co.jp%2Ftoyomarket%2Fi%2F10000219%2F&rafcid=wsc_i_is_124a6e86-bc9f-4472-a72d-86c28484d720,https://hb.afl.rakuten.co.jp/hgc/g00tainn.ndhmte7d.g00tainn.ndhmu2f4/?pc=https%3A%2F%2Fitem.rakuten.co.jp%2Ftoyomarket%2Fvitas006%2F&m=http%3A%2F%2Fm.rakuten.co.jp%2Ftoyomarket%2Fi%2F10000219%2F&rafcid=wsc_i_is_124a6e86-bc9f-4472-a72d-86c28484d720,percent,0,site|x|instagram,active,2026-06-27
mens_sunscreen_research,rakuten,【公式】楽天限定★トーンアップUV 人気サンプルキット / 30mL / ローズ＋ / ホワイト / クリア / ティント / 無香料 / 日焼け止め / SPF 50+ / 正規品/ ダーマコスメ,美容,日焼け止め|日焼け止め|【公式】楽天限定★トーンアップUV 人気サンプルキット / 30mL / ローズ＋ / ホワイト / クリア / ティント / 無香料 / 日焼け止め / SPF 50+ / 正規品/ ダーマコスメ,日焼け止め,日焼け止め,https://hb.afl.rakuten.co.jp/hgc/g00twl6n.ndhmt0a2.g00twl6n.ndhmueae/?pc=https%3A%2F%2Fitem.rakuten.co.jp%2Flarocheposay%2Fl00332ropenkit%2F&m=http%3A%2F%2Fm.rakuten.co.jp%2Flarocheposay%2Fi%2F10000039%2F&rafcid=wsc_i_is_124a6e86-bc9f-4472-a72d-86c28484d720,https://hb.afl.rakuten.co.jp/hgc/g00twl6n.ndhmt0a2.g00twl6n.ndhmueae/?pc=https%3A%2F%2Fitem.rakuten.co.jp%2Flarocheposay%2Fl00332ropenkit%2F&m=http%3A%2F%2Fm.rakuten.co.jp%2Flarocheposay%2Fi%2F10000039%2F&rafcid=wsc_i_is_124a6e86-bc9f-4472-a72d-86c28484d720,percent,0,site|x|instagram,active,2026-06-27
neck_cooler_research,rakuten,【楽天1位】新色★シシベラ クールリング アイスクールリング ネッククーラー アイスネックリング 冷感リング ひんやりリング クールネック スマートアイス リングクール 大人用 子供用 冷却 暑さ対策 cicibella 夏 防災グッズ,季節・暮らし,ネッククーラー|ネッククーラー|【楽天1位】新色★シシベラ クールリング アイスクールリング ネッククーラー アイスネックリング 冷感リング ひんやりリング クールネック スマートアイス リングクール 大人用 子供用 冷却 暑さ対策 cicibella 夏 防災グッズ,ネッククーラー,ネッククーラー,https://hb.afl.rakuten.co.jp/hgc/g00tpvrn.ndhmt51c.g00tpvrn.ndhmuc87/?pc=https%3A%2F%2Fitem.rakuten.co.jp%2Fcicibella-sports%2Fzhblq%2F&m=http%3A%2F%2Fm.rakuten.co.jp%2Fcicibella-sports%2Fi%2F10000827%2F&rafcid=wsc_i_is_124a6e86-bc9f-4472-a72d-86c28484d720,https://hb.afl.rakuten.co.jp/hgc/g00tpvrn.ndhmt51c.g00tpvrn.ndhmuc87/?pc=https%3A%2F%2Fitem.rakuten.co.jp%2Fcicibella-sports%2Fzhblq%2F&m=http%3A%2F%2Fm.rakuten.co.jp%2Fcicibella-sports%2Fi%2F10000827%2F&rafcid=wsc_i_is_124a6e86-bc9f-4472-a72d-86c28484d720,percent,0,site|x,active,2026-06-27
sunshade_curtain_research,rakuten,【2m単位売り】窓ガラスフィルム 台風対策 断熱シート 窓 目隠し ガラスフィルム マジックミラー フィルム 防犯対策 外から見えない 窓 目隠し フィルム UVカット 紫外線カット 断熱 遮光 遮熱 飛散防止 はがせる 窓用フィルム 西日対策 結露防止 日よけ 窓シート 賃貸 9柄,季節・暮らし,遮光・断熱グッズ|遮光カーテン|【2m単位売り】窓ガラスフィルム 台風対策 断熱シート 窓 目隠し ガラスフィルム マジックミラー フィルム 防犯対策 外から見えない 窓 目隠し フィルム UVカット 紫外線カット 断熱 遮光 遮熱 飛散防止 はがせる 窓用フィルム 西日対策 結露防止 日よけ 窓シート 賃貸 9柄,遮光・断熱グッズ,遮光カーテン,https://hb.afl.rakuten.co.jp/hgc/g00u2bgn.ndhmtd23.g00u2bgn.ndhmu56b/?pc=https%3A%2F%2Fitem.rakuten.co.jp%2Fbelltree%2Fr1-grs021%2F&m=http%3A%2F%2Fm.rakuten.co.jp%2Fbelltree%2Fi%2F10000752%2F&rafcid=wsc_i_is_124a6e86-bc9f-4472-a72d-86c28484d720,https://hb.afl.rakuten.co.jp/hgc/g00u2bgn.ndhmtd23.g00u2bgn.ndhmu56b/?pc=https%3A%2F%2Fitem.rakuten.co.jp%2Fbelltree%2Fr1-grs021%2F&m=http%3A%2F%2Fm.rakuten.co.jp%2Fbelltree%2Fi%2F10000752%2F&rafcid=wsc_i_is_124a6e86-bc9f-4472-a72d-86c28484d720,percent,0,site|x,active,2026-06-27
charging_station_research,rakuten,USB充電器 ACアダプター 24W 急速充電 4台同時充電 折りたたみプラグ 軽量81g グローバル電圧 100V〜240V 変圧器不要 スマートIC搭載 タブレット充電 スマホ充電 iPhone Android iPad Switch対応 家族旅行 発熱抑制 安全保護 PSE認証取得済み【PL保険加入済み製品・安心】,AI・ガジェット,充電ステーション|充電ステーション|USB充電器 ACアダプター 24W 急速充電 4台同時充電 折りたたみプラグ 軽量81g グローバル電圧 100V〜240V 変圧器不要 スマートIC搭載 タブレット充電 スマホ充電 iPhone Android iPad Switch対応 家族旅行 発熱抑制 安全保護 PSE認証取得済み【PL保険加入済み製品・安心】,充電ステーション,充電ステーション,https://hb.afl.rakuten.co.jp/hgc/g00skpsn.ndhmtf07.g00skpsn.ndhmu348/?pc=https%3A%2F%2Fitem.rakuten.co.jp%2Faidort%2Fslub-477%2F&m=http%3A%2F%2Fm.rakuten.co.jp%2Faidort%2Fi%2F10000708%2F&rafcid=wsc_i_is_124a6e86-bc9f-4472-a72d-86c28484d720,https://hb.afl.rakuten.co.jp/hgc/g00skpsn.ndhmtf07.g00skpsn.ndhmu348/?pc=https%3A%2F%2Fitem.rakuten.co.jp%2Faidort%2Fslub-477%2F&m=http%3A%2F%2Fm.rakuten.co.jp%2Faidort%2Fi%2F10000708%2F&rafcid=wsc_i_is_124a6e86-bc9f-4472-a72d-86c28484d720,percent,0,site|x,active,2026-06-27
wireless_charger_research,rakuten,【iPhone15/16/17 対応】アップルウォッチ充電器 ワイヤレス充電器 単品orアダプターセット applewatch充電器 スマホ充電器 充電ケーブル 2in1/3in1ワイヤレス マグネット 3/4/5/6/7/8/9/10/11ultra/ultra 3sense,AI・ガジェット,ワイヤレス充電器|ワイヤレス充電器|【iPhone15/16/17 対応】アップルウォッチ充電器 ワイヤレス充電器 単品orアダプターセット applewatch充電器 スマホ充電器 充電ケーブル 2in1/3in1ワイヤレス マグネット 3/4/5/6/7/8/9/10/11ultra/ultra 3sense,ワイヤレス充電器,ワイヤレス充電器,https://hb.afl.rakuten.co.jp/hgc/g00tv5rn.ndhmt57b.g00tv5rn.ndhmue8f/?pc=https%3A%2F%2Fitem.rakuten.co.jp%2F3sense%2F03%2F&m=http%3A%2F%2Fm.rakuten.co.jp%2F3sense%2Fi%2F10000003%2F&rafcid=wsc_i_is_124a6e86-bc9f-4472-a72d-86c28484d720,https://hb.afl.rakuten.co.jp/hgc/g00tv5rn.ndhmt57b.g00tv5rn.ndhmue8f/?pc=https%3A%2F%2Fitem.rakuten.co.jp%2F3sense%2F03%2F&m=http%3A%2F%2Fm.rakuten.co.jp%2F3sense%2Fi%2F10000003%2F&rafcid=wsc_i_is_124a6e86-bc9f-4472-a72d-86c28484d720,percent,0,site|x,active,2026-06-27
large_capacity_battery_research,rakuten,P倍倍★1位6冠 正規品 モバイルバッテリー 超マット加工 PSE認証【200円offクーポン2個目に使える】大容量 小型 軽量 ミニ iPhone 急速充電 タイプc ケーブル ケーブル内蔵 Android Type-c ライトニング アイフォン アンドロイド 充電器 急速 急速充電器 5000/10000mAh,AI・ガジェット,大容量モバイルバッテリー|モバイルバッテリー 大容量|P倍倍★1位6冠 正規品 モバイルバッテリー 超マット加工 PSE認証【200円offクーポン2個目に使える】大容量 小型 軽量 ミニ iPhone 急速充電 タイプc ケーブル ケーブル内蔵 Android Type-c ライトニング アイフォン アンドロイド 充電器 急速 急速充電器 5000/10000mAh,大容量モバイルバッテリー,モバイルバッテリー 大容量,https://hb.afl.rakuten.co.jp/hgc/g00rgnwn.ndhmtafc.g00rgnwn.ndhmuab9/?pc=https%3A%2F%2Fitem.rakuten.co.jp%2Fcase-by-case%2F3017%2F&m=http%3A%2F%2Fm.rakuten.co.jp%2Fcase-by-case%2Fi%2F10002035%2F&rafcid=wsc_i_is_124a6e86-bc9f-4472-a72d-86c28484d720,https://hb.afl.rakuten.co.jp/hgc/g00rgnwn.ndhmtafc.g00rgnwn.ndhmuab9/?pc=https%3A%2F%2Fitem.rakuten.co.jp%2Fcase-by-case%2F3017%2F&m=http%3A%2F%2Fm.rakuten.co.jp%2Fcase-by-case%2Fi%2F10002035%2F&rafcid=wsc_i_is_124a6e86-bc9f-4472-a72d-86c28484d720,percent,0,site|x,active,2026-06-27
magsafe_battery_research,rakuten,【楽天6冠！LINEクーポンで300円OFF】 モバイルバッテリー 軽量 小型 iphone ワイヤレス 大容量 かわいい 15000mah 薄型 コンパクト 超軽量 ワイヤレス充電器 type-a 急速 急速充電 可愛い 送料無料 充電器 差し込み usb type-c 急速充電器 全機種 バッテリー,AI・ガジェット,MagSafe対応バッテリー|MagSafe モバイルバッテリー|【楽天6冠！LINEクーポンで300円OFF】 モバイルバッテリー 軽量 小型 iphone ワイヤレス 大容量 かわいい 15000mah 薄型 コンパクト 超軽量 ワイヤレス充電器 type-a 急速 急速充電 可愛い 送料無料 充電器 差し込み usb type-c 急速充電器 全機種 バッテリー,MagSafe対応バッテリー,MagSafe モバイルバッテリー,https://hb.afl.rakuten.co.jp/hgc/g00trg8n.ndhmtca1.g00trg8n.ndhmu185/?pc=https%3A%2F%2Fitem.rakuten.co.jp%2Fzian%2F10000065%2F&m=http%3A%2F%2Fm.rakuten.co.jp%2Fzian%2Fi%2F10000065%2F&rafcid=wsc_i_is_124a6e86-bc9f-4472-a72d-86c28484d720,https://hb.afl.rakuten.co.jp/hgc/g00trg8n.ndhmtca1.g00trg8n.ndhmu185/?pc=https%3A%2F%2Fitem.rakuten.co.jp%2Fzian%2F10000065%2F&m=http%3A%2F%2Fm.rakuten.co.jp%2Fzian%2Fi%2F10000065%2F&rafcid=wsc_i_is_124a6e86-bc9f-4472-a72d-86c28484d720,percent,0,site|x,active,2026-06-27
adjustable_dumbbell_research,rakuten,"【★最大1,000円OFFcp！】【★5レビュー1,800件超の高評価 】ダンベル 可変式ダンベル 24kg 筋トレ ダンベル可変式 アジャスタブルダンベル 鉄アレ 自宅トレーニング",フィットネス,"可変式ダンベル|可変式 ダンベル|【★最大1,000円OFFcp！】【★5レビュー1,800件超の高評価 】ダンベル 可変式ダンベル 24kg 筋トレ ダンベル可変式 アジャスタブルダンベル 鉄アレ 自宅トレーニング",可変式ダンベル,可変式 ダンベル,https://hb.afl.rakuten.co.jp/hgc/g00sk3qn.ndhmtdab.g00sk3qn.ndhmuaaa/?pc=https%3A%2F%2Fitem.rakuten.co.jp%2Fh2brothers%2Fdanberu-48kg%2F&m=http%3A%2F%2Fm.rakuten.co.jp%2Fh2brothers%2Fi%2F10000452%2F&rafcid=wsc_i_is_124a6e86-bc9f-4472-a72d-86c28484d720,https://hb.afl.rakuten.co.jp/hgc/g00sk3qn.ndhmtdab.g00sk3qn.ndhmuaaa/?pc=https%3A%2F%2Fitem.rakuten.co.jp%2Fh2brothers%2Fdanberu-48kg%2F&m=http%3A%2F%2Fm.rakuten.co.jp%2Fh2brothers%2Fi%2F10000452%2F&rafcid=wsc_i_is_124a6e86-bc9f-4472-a72d-86c28484d720,percent,0,site|x,active,2026-06-27
foam_roller_research,rakuten,"《35％OFFクーポンで1,807円〜》【楽天1位！大・小2個セット！】 フォームローラー ストレッチローラー ヨガポール 筋膜ローラー 背中 ストレッチ用ポール ポール エクササイズ ヨガローラー マッサージ ミニ きんまく 筋膜 リリース ストレッチ",フィットネス,"フォームローラー|フォームローラー|《35％OFFクーポンで1,807円〜》【楽天1位！大・小2個セット！】 フォームローラー ストレッチローラー ヨガポール 筋膜ローラー 背中 ストレッチ用ポール ポール エクササイズ ヨガローラー マッサージ ミニ きんまく 筋膜 リリース ストレッチ",フォームローラー,フォームローラー,https://hb.afl.rakuten.co.jp/hgc/g00sceon.ndhmt3ea.g00sceon.ndhmu132/?pc=https%3A%2F%2Fitem.rakuten.co.jp%2Fhonest-online%2Ffoam-roller%2F&m=http%3A%2F%2Fm.rakuten.co.jp%2Fhonest-online%2Fi%2F10000742%2F&rafcid=wsc_i_is_124a6e86-bc9f-4472-a72d-86c28484d720,https://hb.afl.rakuten.co.jp/hgc/g00sceon.ndhmt3ea.g00sceon.ndhmu132/?pc=https%3A%2F%2Fitem.rakuten.co.jp%2Fhonest-online%2Ffoam-roller%2F&m=http%3A%2F%2Fm.rakuten.co.jp%2Fhonest-online%2Fi%2F10000742%2F&rafcid=wsc_i_is_124a6e86-bc9f-4472-a72d-86c28484d720,percent,0,site|x,active,2026-06-27
mens_all_in_one_research,rakuten,オールインワン 美白 ゲルクリーム 詰め替え 大容量 500g レステモ オールインワンジェル オールインワンゲル 送料無料 美容液 化粧水 乳液 クリーム 化粧下地 に シミ 乾燥肌 保湿 敏感肌 対策の 美白ゲルクリーム スキンケア ジェル びはく しみ 小じわ,美容,オールインワン|オールインワン 化粧水|オールインワン 美白 ゲルクリーム 詰め替え 大容量 500g レステモ オールインワンジェル オールインワンゲル 送料無料 美容液 化粧水 乳液 クリーム 化粧下地 に シミ 乾燥肌 保湿 敏感肌 対策の 美白ゲルクリーム スキンケア ジェル びはく しみ 小じわ,オールインワン,オールインワン 化粧水,https://hb.afl.rakuten.co.jp/hgc/g00qdaen.ndhmta30.g00qdaen.ndhmu61d/?pc=https%3A%2F%2Fitem.rakuten.co.jp%2Flesthemo%2Fgcr%2F&m=http%3A%2F%2Fm.rakuten.co.jp%2Flesthemo%2Fi%2F10000002%2F&rafcid=wsc_i_is_124a6e86-bc9f-4472-a72d-86c28484d720,https://hb.afl.rakuten.co.jp/hgc/g00qdaen.ndhmta30.g00qdaen.ndhmu61d/?pc=https%3A%2F%2Fitem.rakuten.co.jp%2Flesthemo%2Fgcr%2F&m=http%3A%2F%2Fm.rakuten.co.jp%2Flesthemo%2Fi%2F10000002%2F&rafcid=wsc_i_is_124a6e86-bc9f-4472-a72d-86c28484d720,percent,0,site|x|instagram,active,2026-06-27
mens_lip_balms_research,rakuten,＼29日まで★最大20％OFF／【TVで紹介/楽天1位】リップ 唇 縦じわ パック マスク バーム リップパック リップケア リップマスク リップバーム リップスリーピングマスク ラネージュ laneige ラネージュリップ 韓国 韓国コスメ 韓コス うるおい 保湿 乾燥,美容,リップケア|リップクリーム|＼29日まで★最大20％OFF／【TVで紹介/楽天1位】リップ 唇 縦じわ パック マスク バーム リップパック リップケア リップマスク リップバーム リップスリーピングマスク ラネージュ laneige ラネージュリップ 韓国 韓国コスメ 韓コス うるおい 保湿 乾燥,リップケア,リップクリーム,https://hb.afl.rakuten.co.jp/hgc/g00ucqdn.ndhmt608.g00ucqdn.ndhmu89a/?pc=https%3A%2F%2Fitem.rakuten.co.jp%2Flaneige-r%2F1212040001%2F&m=http%3A%2F%2Fm.rakuten.co.jp%2Flaneige-r%2Fi%2F10000019%2F&rafcid=wsc_i_is_124a6e86-bc9f-4472-a72d-86c28484d720,https://hb.afl.rakuten.co.jp/hgc/g00ucqdn.ndhmt608.g00ucqdn.ndhmu89a/?pc=https%3A%2F%2Fitem.rakuten.co.jp%2Flaneige-r%2F1212040001%2F&m=http%3A%2F%2Fm.rakuten.co.jp%2Flaneige-r%2Fi%2F10000019%2F&rafcid=wsc_i_is_124a6e86-bc9f-4472-a72d-86c28484d720,percent,0,site|x|instagram,active,2026-06-27
ai_meeting_tool_research,research,議事録・要約AI候補,AI・ガジェット,議事録・要約AI|文字起こし|スマート留守電 3年版　留守番電話サービス　音声メッセージ　文字起こし　自動転送,議事録・要約AI,文字起こし,,,percent,0,site|x,research,2026-06-27
ai_voice_recorder_research,rakuten,[TOKAIZ] ボイスレコーダー ICレコーダー 16GB 小型 高音質 34時間連続録音 バレない 録音機 パワハラ 浮気調査 セクハラ 会議 授業 証拠,AI・ガジェット,AIボイスレコーダー|AI ボイスレコーダー|[TOKAIZ] ボイスレコーダー ICレコーダー 16GB 小型 高音質 34時間連続録音 バレない 録音機 パワハラ 浮気調査 セクハラ 会議 授業 証拠,AIボイスレコーダー,AI ボイスレコーダー,https://hb.afl.rakuten.co.jp/hgc/g00s0w7n.ndhmt79a.g00s0w7n.ndhmudc9/?pc=https%3A%2F%2Fitem.rakuten.co.jp%2Fysmya%2F80001666%2F&m=http%3A%2F%2Fm.rakuten.co.jp%2Fysmya%2Fi%2F10012119%2F&rafcid=wsc_i_is_124a6e86-bc9f-4472-a72d-86c28484d720,https://hb.afl.rakuten.co.jp/hgc/g00s0w7n.ndhmt79a.g00s0w7n.ndhmudc9/?pc=https%3A%2F%2Fitem.rakuten.co.jp%2Fysmya%2F80001666%2F&m=http%3A%2F%2Fm.rakuten.co.jp%2Fysmya%2Fi%2F10012119%2F&rafcid=wsc_i_is_124a6e86-bc9f-4472-a72d-86c28484d720,percent,0,site|x,active,2026-06-27
smart_note_research,rakuten,【mitas公式】電子メモパッド 8.5インチ 電子メモ デジタルメモ デジタルノート 電子メモタブレット タブレット メニューボード メッセージボード 計量 薄型 メモ帳 スマートノート デジタルノート ノート 子供 キッズ おもちゃ お絵描き お絵かき ペーパーレス,AI・ガジェット,スマートノート・電子メモ|電子メモ|【mitas公式】電子メモパッド 8.5インチ 電子メモ デジタルメモ デジタルノート 電子メモタブレット タブレット メニューボード メッセージボード 計量 薄型 メモ帳 スマートノート デジタルノート ノート 子供 キッズ おもちゃ お絵描き お絵かき ペーパーレス,スマートノート・電子メモ,電子メモ,https://hb.afl.rakuten.co.jp/hgc/g00r2zln.ndhmt7cf.g00r2zln.ndhmuae1/?pc=https%3A%2F%2Fitem.rakuten.co.jp%2Foobikiyaking%2F1953%2F&m=http%3A%2F%2Fm.rakuten.co.jp%2Foobikiyaking%2Fi%2F10059372%2F&rafcid=wsc_i_is_124a6e86-bc9f-4472-a72d-86c28484d720,https://hb.afl.rakuten.co.jp/hgc/g00r2zln.ndhmt7cf.g00r2zln.ndhmuae1/?pc=https%3A%2F%2Fitem.rakuten.co.jp%2Foobikiyaking%2F1953%2F&m=http%3A%2F%2Fm.rakuten.co.jp%2Foobikiyaking%2Fi%2F10059372%2F&rafcid=wsc_i_is_124a6e86-bc9f-4472-a72d-86c28484d720,percent,0,site|x,active,2026-06-27
disaster_backpack_research,rakuten,【楽天1位獲得!】【送料無料】リュック メンズ 防災リュック リュックサック 19l デイパック 防災袋 ビアッジョ 7077 ディパック 非常 持ち出し袋 袋のみ バックパック レディース 非常用リュック カジュアル バッグ 防災用品 通学 遠足 災害,防災・備蓄,防災リュック|防災リュック|【楽天1位獲得!】【送料無料】リュック メンズ 防災リュック リュックサック 19l デイパック 防災袋 ビアッジョ 7077 ディパック 非常 持ち出し袋 袋のみ バックパック レディース 非常用リュック カジュアル バッグ 防災用品 通学 遠足 災害,防災リュック,防災リュック,https://hb.afl.rakuten.co.jp/hgc/g00qp8an.ndhmte35.g00qp8an.ndhmu0ce/?pc=https%3A%2F%2Fitem.rakuten.co.jp%2Fbackyard%2Fviaggio7077%2F&m=http%3A%2F%2Fm.rakuten.co.jp%2Fbackyard%2Fi%2F10009087%2F&rafcid=wsc_i_is_124a6e86-bc9f-4472-a72d-86c28484d720,https://hb.afl.rakuten.co.jp/hgc/g00qp8an.ndhmte35.g00qp8an.ndhmu0ce/?pc=https%3A%2F%2Fitem.rakuten.co.jp%2Fbackyard%2Fviaggio7077%2F&m=http%3A%2F%2Fm.rakuten.co.jp%2Fbackyard%2Fi%2F10009087%2F&rafcid=wsc_i_is_124a6e86-bc9f-4472-a72d-86c28484d720,percent,0,site|x,active,2026-06-27
disaster_lantern_radio_research,rakuten,2in1 LEDランタン・懐中電灯 改良版 防水 防塵 折りたたみ式 防災ランタン led 防災ライト 防災グッズ 防災用品 アウトドア用 登山 キャンプ 非常用 地震 停電 夜釣り スライド式 LEDライト 充電 不要,防災・備蓄,防災ランタン・ラジオ|防災ラジオ|2in1 LEDランタン・懐中電灯 改良版 防水 防塵 折りたたみ式 防災ランタン led 防災ライト 防災グッズ 防災用品 アウトドア用 登山 キャンプ 非常用 地震 停電 夜釣り スライド式 LEDライト 充電 不要,防災ランタン・ラジオ,防災ラジオ,https://hb.afl.rakuten.co.jp/hgc/g00rk7on.ndhmt79d.g00rk7on.ndhmub91/?pc=https%3A%2F%2Fitem.rakuten.co.jp%2Fpeaceup%2F10001845%2F&m=http%3A%2F%2Fm.rakuten.co.jp%2Fpeaceup%2Fi%2F10011707%2F&rafcid=wsc_i_is_124a6e86-bc9f-4472-a72d-86c28484d720,https://hb.afl.rakuten.co.jp/hgc/g00rk7on.ndhmt79d.g00rk7on.ndhmub91/?pc=https%3A%2F%2Fitem.rakuten.co.jp%2Fpeaceup%2F10001845%2F&m=http%3A%2F%2Fm.rakuten.co.jp%2Fpeaceup%2Fi%2F10011707%2F&rafcid=wsc_i_is_124a6e86-bc9f-4472-a72d-86c28484d720,percent,0,site|x,active,2026-06-27
emergency_food_research,rakuten,防災 非常食 保存食 5年 アルファ米 おにぎり 4種 8食 詰め合わせ セット 尾西食品 携帯おにぎり 送料無料 米 常温 ご飯 災害 防災食 保存食品 5年保存 防災グッズや 保存水と一緒に 長期 備蓄,防災・備蓄,非常食セット|非常食セット|防災 非常食 保存食 5年 アルファ米 おにぎり 4種 8食 詰め合わせ セット 尾西食品 携帯おにぎり 送料無料 米 常温 ご飯 災害 防災食 保存食品 5年保存 防災グッズや 保存水と一緒に 長期 備蓄,非常食セット,非常食セット,https://hb.afl.rakuten.co.jp/hgc/g00sykbn.ndhmt811.g00sykbn.ndhmuada/?pc=https%3A%2F%2Fitem.rakuten.co.jp%2Fjyonetsubatake%2F1696-c1%2F&m=http%3A%2F%2Fm.rakuten.co.jp%2Fjyonetsubatake%2Fi%2F10000400%2F&rafcid=wsc_i_is_124a6e86-bc9f-4472-a72d-86c28484d720,https://hb.afl.rakuten.co.jp/hgc/g00sykbn.ndhmt811.g00sykbn.ndhmuada/?pc=https%3A%2F%2Fitem.rakuten.co.jp%2Fjyonetsubatake%2F1696-c1%2F&m=http%3A%2F%2Fm.rakuten.co.jp%2Fjyonetsubatake%2Fi%2F10000400%2F&rafcid=wsc_i_is_124a6e86-bc9f-4472-a72d-86c28484d720,percent,0,site|x,active,2026-06-27
emergency_toilet_research,rakuten,【売り尽くし価格★日本防災安全協会認証品！】簡易トイレ 非常用トイレ 防災グッズ 防災 非常用簡易トイレ 携帯トイレ 災害用トイレ 60〜600回 15年保存 凝固剤 ONESTEP,防災・備蓄,携帯トイレ|携帯トイレ 防災|【売り尽くし価格★日本防災安全協会認証品！】簡易トイレ 非常用トイレ 防災グッズ 防災 非常用簡易トイレ 携帯トイレ 災害用トイレ 60〜600回 15年保存 凝固剤 ONESTEP,携帯トイレ,携帯トイレ 防災,https://hb.afl.rakuten.co.jp/hgc/g00sk3qn.ndhmtdab.g00sk3qn.ndhmuaaa/?pc=https%3A%2F%2Fitem.rakuten.co.jp%2Fh2brothers%2Fportabletoilet01%2F&m=http%3A%2F%2Fm.rakuten.co.jp%2Fh2brothers%2Fi%2F10001880%2F&rafcid=wsc_i_is_124a6e86-bc9f-4472-a72d-86c28484d720,https://hb.afl.rakuten.co.jp/hgc/g00sk3qn.ndhmtdab.g00sk3qn.ndhmuaaa/?pc=https%3A%2F%2Fitem.rakuten.co.jp%2Fh2brothers%2Fportabletoilet01%2F&m=http%3A%2F%2Fm.rakuten.co.jp%2Fh2brothers%2Fi%2F10001880%2F&rafcid=wsc_i_is_124a6e86-bc9f-4472-a72d-86c28484d720,percent,0,site|x,active,2026-06-27
portable_power_station_research,rakuten,"【クーポン利用で22,425円 6/20~】EcoFlow ポータブル電源 リン酸鉄 長寿命 1hフル充電 RIVER 2 256Wh 5年保証 小型 蓄電池 発電機 ポータブル バッテリー 急速充電 アプリ対応 車中泊 AC出力300W アウトドア 台風 停電 防災グッズ キャンプ",防災・備蓄,"ポータブル電源|ポータブル電源|【クーポン利用で22,425円 6/20~】EcoFlow ポータブル電源 リン酸鉄 長寿命 1hフル充電 RIVER 2 256Wh 5年保証 小型 蓄電池 発電機 ポータブル バッテリー 急速充電 アプリ対応 車中泊 AC出力300W アウトドア 台風 停電 防災グッズ キャンプ",ポータブル電源,ポータブル電源,https://hb.afl.rakuten.co.jp/hgc/g00tzcjn.ndhmt95a.g00tzcjn.ndhmu155/?pc=https%3A%2F%2Fitem.rakuten.co.jp%2Fecoflow%2Friver-2%2F&m=http%3A%2F%2Fm.rakuten.co.jp%2Fecoflow%2Fi%2F10000144%2F&rafcid=wsc_i_is_124a6e86-bc9f-4472-a72d-86c28484d720,https://hb.afl.rakuten.co.jp/hgc/g00tzcjn.ndhmt95a.g00tzcjn.ndhmu155/?pc=https%3A%2F%2Fitem.rakuten.co.jp%2Fecoflow%2Friver-2%2F&m=http%3A%2F%2Fm.rakuten.co.jp%2Fecoflow%2Fi%2F10000144%2F&rafcid=wsc_i_is_124a6e86-bc9f-4472-a72d-86c28484d720,percent,0,site|x,active,2026-06-27
dehumidifier_laundry_research,rakuten,【ぽけどらいトラベル★梅雨対策】 衣類乾燥機 小型 ポータブル 乾燥機 コンパクト 持ち運び 乾燥機 一人暮らし 小型乾燥機 部屋干し 衣類乾燥除湿機 工事不要 衣類乾燥機除湿器 衣類 旅行 便利グッズ 出張 洗濯 物干し ぽけどらい Qurra 花粉 梅雨 雨 布団 靴 乾燥,家事・時短,除湿機・部屋干し|除湿機 部屋干し|【ぽけどらいトラベル★梅雨対策】 衣類乾燥機 小型 ポータブル 乾燥機 コンパクト 持ち運び 乾燥機 一人暮らし 小型乾燥機 部屋干し 衣類乾燥除湿機 工事不要 衣類乾燥機除湿器 衣類 旅行 便利グッズ 出張 洗濯 物干し ぽけどらい Qurra 花粉 梅雨 雨 布団 靴 乾燥,除湿機・部屋干し,除湿機 部屋干し,https://hb.afl.rakuten.co.jp/hgc/g00qkvpn.ndhmt552.g00qkvpn.ndhmu080/?pc=https%3A%2F%2Fitem.rakuten.co.jp%2F3rwebshop%2F3r-hcd02%2F&m=http%3A%2F%2Fm.rakuten.co.jp%2F3rwebshop%2Fi%2F10009456%2F&rafcid=wsc_i_is_124a6e86-bc9f-4472-a72d-86c28484d720,https://hb.afl.rakuten.co.jp/hgc/g00qkvpn.ndhmt552.g00qkvpn.ndhmu080/?pc=https%3A%2F%2Fitem.rakuten.co.jp%2F3rwebshop%2F3r-hcd02%2F&m=http%3A%2F%2Fm.rakuten.co.jp%2F3rwebshop%2Fi%2F10009456%2F&rafcid=wsc_i_is_124a6e86-bc9f-4472-a72d-86c28484d720,percent,0,site|x,active,2026-06-27
electric_pressure_cooker_research,rakuten,[在庫限り]デリッシュキッチン 電気圧力鍋 2.0L スピードクック LPC-T1201 送料無料 アルコレ 調理容量1.2L おしゃれ かわいい おすすめ 自動 電気鍋 自動調理 炊飯器 レシピ 本 一人暮らし 初心者 自動鍋 DELISH KITCHEN ギフト プレゼント LPCT1201,家事・時短,電気圧力鍋|電気圧力鍋|[在庫限り]デリッシュキッチン 電気圧力鍋 2.0L スピードクック LPC-T1201 送料無料 アルコレ 調理容量1.2L おしゃれ かわいい おすすめ 自動 電気鍋 自動調理 炊飯器 レシピ 本 一人暮らし 初心者 自動鍋 DELISH KITCHEN ギフト プレゼント LPCT1201,電気圧力鍋,電気圧力鍋,https://hb.afl.rakuten.co.jp/hgc/g00rdq6n.ndhmt52e.g00rdq6n.ndhmu813/?pc=https%3A%2F%2Fitem.rakuten.co.jp%2Fcoconial%2Fblpct%2F&m=http%3A%2F%2Fm.rakuten.co.jp%2Fcoconial%2Fi%2F10004326%2F&rafcid=wsc_i_is_124a6e86-bc9f-4472-a72d-86c28484d720,https://hb.afl.rakuten.co.jp/hgc/g00rdq6n.ndhmt52e.g00rdq6n.ndhmu813/?pc=https%3A%2F%2Fitem.rakuten.co.jp%2Fcoconial%2Fblpct%2F&m=http%3A%2F%2Fm.rakuten.co.jp%2Fcoconial%2Fi%2F10004326%2F&rafcid=wsc_i_is_124a6e86-bc9f-4472-a72d-86c28484d720,percent,0,site|x,active,2026-06-27
futon_dryer_research,rakuten,"【クーポンで6,980円】 布団乾燥機 ふとん乾燥機 くつ乾燥機 ダニ退治 ダニ 湿気対策 梅雨 梅雨対策 梅雨入り ハイパワー 布団乾燥 コンパクト ダニ対策 部屋干し ふとんドライヤー 布団 乾燥 除湿 靴乾燥器 衣類乾燥 マットなし カビ 送料無料",家事・時短,"布団乾燥機|布団乾燥機|【クーポンで6,980円】 布団乾燥機 ふとん乾燥機 くつ乾燥機 ダニ退治 ダニ 湿気対策 梅雨 梅雨対策 梅雨入り ハイパワー 布団乾燥 コンパクト ダニ対策 部屋干し ふとんドライヤー 布団 乾燥 除湿 靴乾燥器 衣類乾燥 マットなし カビ 送料無料",布団乾燥機,布団乾燥機,https://hb.afl.rakuten.co.jp/hgc/g00tzxhn.ndhmt6ad.g00tzxhn.ndhmu75f/?pc=https%3A%2F%2Fitem.rakuten.co.jp%2Fmarubi01%2Fhgj-nb06%2F&m=http%3A%2F%2Fm.rakuten.co.jp%2Fmarubi01%2Fi%2F10000216%2F&rafcid=wsc_i_is_124a6e86-bc9f-4472-a72d-86c28484d720,https://hb.afl.rakuten.co.jp/hgc/g00tzxhn.ndhmt6ad.g00tzxhn.ndhmu75f/?pc=https%3A%2F%2Fitem.rakuten.co.jp%2Fmarubi01%2Fhgj-nb06%2F&m=http%3A%2F%2Fm.rakuten.co.jp%2Fmarubi01%2Fi%2F10000216%2F&rafcid=wsc_i_is_124a6e86-bc9f-4472-a72d-86c28484d720,percent,0,site|x,active,2026-06-27
garment_steamer_research,rakuten,スチーム アイロン ハンディーアイロン 2way 衣類スチーマー アイロン台不要 CLV-049-BL | シワ伸ばし かけたまま 軽量 コンパクト ハンディスチーマー ハンディスチームアイロン 高温 スチームアイロン ハンディアイロン,家事・時短,衣類スチーマー|ハンディスチーマー|スチーム アイロン ハンディーアイロン 2way 衣類スチーマー アイロン台不要 CLV-049-BL | シワ伸ばし かけたまま 軽量 コンパクト ハンディスチーマー ハンディスチームアイロン 高温 スチームアイロン ハンディアイロン,衣類スチーマー,ハンディスチーマー,https://hb.afl.rakuten.co.jp/hgc/g00s3y5n.ndhmt531.g00s3y5n.ndhmu2dc/?pc=https%3A%2F%2Fitem.rakuten.co.jp%2Fsouyi-japan%2Fclv-049-bl%2F&m=http%3A%2F%2Fm.rakuten.co.jp%2Fsouyi-japan%2Fi%2F10000688%2F&rafcid=wsc_i_is_124a6e86-bc9f-4472-a72d-86c28484d720,https://hb.afl.rakuten.co.jp/hgc/g00s3y5n.ndhmt531.g00s3y5n.ndhmu2dc/?pc=https%3A%2F%2Fitem.rakuten.co.jp%2Fsouyi-japan%2Fclv-049-bl%2F&m=http%3A%2F%2Fm.rakuten.co.jp%2Fsouyi-japan%2Fi%2F10000688%2F&rafcid=wsc_i_is_124a6e86-bc9f-4472-a72d-86c28484d720,percent,0,site|x,active,2026-06-27
robot_vacuum_research,rakuten,ロボット掃除機 ロボットクリーナー 水拭き兼用 水拭きロボット 水拭き機能 水ぶき 水拭きもできる 拭き掃除 水拭きロボット掃除機 ロボット掃除 お掃除ロボ 水拭き掃除機 薄型 お掃除ロボット 水拭き両用 掃除機ロボ 全自動掃除機 小型 コンパクト AiMY エイミー AIM-RC32,家事・時短,ロボット掃除機|ロボット掃除機|ロボット掃除機 ロボットクリーナー 水拭き兼用 水拭きロボット 水拭き機能 水ぶき 水拭きもできる 拭き掃除 水拭きロボット掃除機 ロボット掃除 お掃除ロボ 水拭き掃除機 薄型 お掃除ロボット 水拭き両用 掃除機ロボ 全自動掃除機 小型 コンパクト AiMY エイミー AIM-RC32,ロボット掃除機,ロボット掃除機,https://hb.afl.rakuten.co.jp/hgc/g00smcan.ndhmt0af.g00smcan.ndhmu739/?pc=https%3A%2F%2Fitem.rakuten.co.jp%2Ftsukamotoaim%2F7245-0139-900%2F&m=http%3A%2F%2Fm.rakuten.co.jp%2Ftsukamotoaim%2Fi%2F10000573%2F&rafcid=wsc_i_is_124a6e86-bc9f-4472-a72d-86c28484d720,https://hb.afl.rakuten.co.jp/hgc/g00smcan.ndhmt0af.g00smcan.ndhmu739/?pc=https%3A%2F%2Fitem.rakuten.co.jp%2Ftsukamotoaim%2F7245-0139-900%2F&m=http%3A%2F%2Fm.rakuten.co.jp%2Ftsukamotoaim%2Fi%2F10000573%2F&rafcid=wsc_i_is_124a6e86-bc9f-4472-a72d-86c28484d720,percent,0,site|x,active,2026-06-27
compression_pouch_research,rakuten,【在庫処分特価】 【5サイズで使い分け！】 圧縮 トラベルポーチ 圧縮袋 旅行 圧縮バッグ 圧縮袋 圧縮ポーチ トラベルポーチ 圧縮バッグ ファスナー 圧縮バッグ ポーチ トラベル 圧縮バッグ 圧縮ポーチ 旅行用セット 圧縮袋 旅行バッグ 送料無料,旅行・外出,圧縮ポーチ|圧縮ポーチ 旅行|【在庫処分特価】 【5サイズで使い分け！】 圧縮 トラベルポーチ 圧縮袋 旅行 圧縮バッグ 圧縮袋 圧縮ポーチ トラベルポーチ 圧縮バッグ ファスナー 圧縮バッグ ポーチ トラベル 圧縮バッグ 圧縮ポーチ 旅行用セット 圧縮袋 旅行バッグ 送料無料,圧縮ポーチ,圧縮ポーチ 旅行,https://hb.afl.rakuten.co.jp/hgc/g00u4jtn.ndhmt6bf.g00u4jtn.ndhmud17/?pc=https%3A%2F%2Fitem.rakuten.co.jp%2Fcole%2Ftravel-package-02%2F&m=http%3A%2F%2Fm.rakuten.co.jp%2Fcole%2Fi%2F10000125%2F&rafcid=wsc_i_is_124a6e86-bc9f-4472-a72d-86c28484d720,https://hb.afl.rakuten.co.jp/hgc/g00u4jtn.ndhmt6bf.g00u4jtn.ndhmud17/?pc=https%3A%2F%2Fitem.rakuten.co.jp%2Fcole%2Ftravel-package-02%2F&m=http%3A%2F%2Fm.rakuten.co.jp%2Fcole%2Fi%2F10000125%2F&rafcid=wsc_i_is_124a6e86-bc9f-4472-a72d-86c28484d720,percent,0,site|x,active,2026-06-27
neck_pillow_research,rakuten,【レビュー1200件突破】 ネックピロー 飛行機 車 低反発 エアー 首枕 旅行 用 子供 大人 枕 コンパクト 空気 トラベル ピロー ポンプ式 ネック クッション 首 携帯 エア グッズ フライト U型 字 1000円ポッキリ 買い回り,旅行・外出,ネックピロー|ネックピロー 旅行|【レビュー1200件突破】 ネックピロー 飛行機 車 低反発 エアー 首枕 旅行 用 子供 大人 枕 コンパクト 空気 トラベル ピロー ポンプ式 ネック クッション 首 携帯 エア グッズ フライト U型 字 1000円ポッキリ 買い回り,ネックピロー,ネックピロー 旅行,https://hb.afl.rakuten.co.jp/hgc/g00u5lkn.ndhmtc79.g00u5lkn.ndhmu7f2/?pc=https%3A%2F%2Fitem.rakuten.co.jp%2Fhitsumi%2F0153%2F&m=http%3A%2F%2Fm.rakuten.co.jp%2Fhitsumi%2Fi%2F10000131%2F&rafcid=wsc_i_is_124a6e86-bc9f-4472-a72d-86c28484d720,https://hb.afl.rakuten.co.jp/hgc/g00u5lkn.ndhmtc79.g00u5lkn.ndhmu7f2/?pc=https%3A%2F%2Fitem.rakuten.co.jp%2Fhitsumi%2F0153%2F&m=http%3A%2F%2Fm.rakuten.co.jp%2Fhitsumi%2Fi%2F10000131%2F&rafcid=wsc_i_is_124a6e86-bc9f-4472-a72d-86c28484d720,percent,0,site|x,active,2026-06-27
security_pouch_research,rakuten,＼楽天1位／ 【メール便送料無料】GPT パスポートカバー パスポートケース 半透明 無地 日本製 【 当店オリジナル 】 海外旅行 トラベル シンプル 便利グッズ PPC-1501-mail(1通につき80点迄)(gu1a027),旅行・外出,セキュリティポーチ|セキュリティポーチ 旅行|＼楽天1位／ 【メール便送料無料】GPT パスポートカバー パスポートケース 半透明 無地 日本製 【 当店オリジナル 】 海外旅行 トラベル シンプル 便利グッズ PPC-1501-mail(1通につき80点迄)(gu1a027),セキュリティポーチ,セキュリティポーチ 旅行,https://hb.afl.rakuten.co.jp/hgc/g00pv0jn.ndhmt394.g00pv0jn.ndhmucdb/?pc=https%3A%2F%2Fitem.rakuten.co.jp%2Fgriptone%2Fppc-1501%2F&m=http%3A%2F%2Fm.rakuten.co.jp%2Fgriptone%2Fi%2F10002617%2F&rafcid=wsc_i_is_124a6e86-bc9f-4472-a72d-86c28484d720,https://hb.afl.rakuten.co.jp/hgc/g00pv0jn.ndhmt394.g00pv0jn.ndhmucdb/?pc=https%3A%2F%2Fitem.rakuten.co.jp%2Fgriptone%2Fppc-1501%2F&m=http%3A%2F%2Fm.rakuten.co.jp%2Fgriptone%2Fi%2F10002617%2F&rafcid=wsc_i_is_124a6e86-bc9f-4472-a72d-86c28484d720,percent,0,site|x,active,2026-06-27
suitcase_research,rakuten,"【新価格!73％OFF〜】【クーポン発行】LEGEND WALKER （5082-55,60,67） スーツケース キャリーケース ファスナータイプ 軽量 大容量 機内持込 1年保証 容量拡張 TSロック バイカラー カラフル かわいい 女子旅 修学旅行 防災 S/M/L 1〜7泊 あす楽 送料無料",旅行・外出,"スーツケース|スーツケース 機内持ち込み|【新価格!73％OFF〜】【クーポン発行】LEGEND WALKER （5082-55,60,67） スーツケース キャリーケース ファスナータイプ 軽量 大容量 機内持込 1年保証 容量拡張 TSロック バイカラー カラフル かわいい 女子旅 修学旅行 防災 S/M/L 1〜7泊 あす楽 送料無料",スーツケース,スーツケース 機内持ち込み,https://hb.afl.rakuten.co.jp/hgc/g00rdr8n.ndhmtb3a.g00rdr8n.ndhmuf45/?pc=https%3A%2F%2Fitem.rakuten.co.jp%2Foutlet-traveler%2F5082-48%2F&m=http%3A%2F%2Fm.rakuten.co.jp%2Foutlet-traveler%2Fi%2F10001434%2F&rafcid=wsc_i_is_124a6e86-bc9f-4472-a72d-86c28484d720,https://hb.afl.rakuten.co.jp/hgc/g00rdr8n.ndhmtb3a.g00rdr8n.ndhmuf45/?pc=https%3A%2F%2Fitem.rakuten.co.jp%2Foutlet-traveler%2F5082-48%2F&m=http%3A%2F%2Fm.rakuten.co.jp%2Foutlet-traveler%2Fi%2F10001434%2F&rafcid=wsc_i_is_124a6e86-bc9f-4472-a72d-86c28484d720,percent,0,site|x,active,2026-06-27
travel_charger_research,rakuten,【2点目半額】QISI 20W 急速充電器 ケーブルセット USB Type-C 電源アダプター iPhone 充電器 コンセント タイプC 充電ケーブル ライトニング ケーブル付き iPad Android対応 急速ACアダプター アダプタ セット 送料無料,旅行・外出,トラベル充電器|旅行 充電器|【2点目半額】QISI 20W 急速充電器 ケーブルセット USB Type-C 電源アダプター iPhone 充電器 コンセント タイプC 充電ケーブル ライトニング ケーブル付き iPad Android対応 急速ACアダプター アダプタ セット 送料無料,トラベル充電器,旅行 充電器,https://hb.afl.rakuten.co.jp/hgc/g00u00bn.ndhmt2c0.g00u00bn.ndhmud1e/?pc=https%3A%2F%2Fitem.rakuten.co.jp%2Fqisi%2F4571552421903-pd%2F&m=http%3A%2F%2Fm.rakuten.co.jp%2Fqisi%2Fi%2F10000183%2F&rafcid=wsc_i_is_124a6e86-bc9f-4472-a72d-86c28484d720,https://hb.afl.rakuten.co.jp/hgc/g00u00bn.ndhmt2c0.g00u00bn.ndhmud1e/?pc=https%3A%2F%2Fitem.rakuten.co.jp%2Fqisi%2F4571552421903-pd%2F&m=http%3A%2F%2Fm.rakuten.co.jp%2Fqisi%2Fi%2F10000183%2F&rafcid=wsc_i_is_124a6e86-bc9f-4472-a72d-86c28484d720,percent,0,site|x,active,2026-06-27
blender_mixer_research,rakuten,◆楽天1位◆【当店限定豪華6大特典】フードプロセッサー レコルト コードレス カプセルカッターボンヌ ブレンダー ミキサー ジェラート recolte 電動 大根おろし 氷も砕ける 小型 フードカッター 離乳食 スムージー 充電式 みじん切り 泡立て ガラス容器 500ml ギフト RCP-7,家事・時短,ミキサー|ミキサー|◆楽天1位◆【当店限定豪華6大特典】フードプロセッサー レコルト コードレス カプセルカッターボンヌ ブレンダー ミキサー ジェラート recolte 電動 大根おろし 氷も砕ける 小型 フードカッター 離乳食 スムージー 充電式 みじん切り 泡立て ガラス容器 500ml ギフト RCP-7,ミキサー,ミキサー,https://hb.afl.rakuten.co.jp/hgc/g00pw1cn.ndhmt1a4.g00pw1cn.ndhmu3cc/?pc=https%3A%2F%2Fitem.rakuten.co.jp%2Fhotch-potch%2F00014805-cordless-bonne%2F&m=http%3A%2F%2Fm.rakuten.co.jp%2Fhotch-potch%2Fi%2F10017854%2F&rafcid=wsc_i_is_124a6e86-bc9f-4472-a72d-86c28484d720,https://hb.afl.rakuten.co.jp/hgc/g00pw1cn.ndhmt1a4.g00pw1cn.ndhmu3cc/?pc=https%3A%2F%2Fitem.rakuten.co.jp%2Fhotch-potch%2F00014805-cordless-bonne%2F&m=http%3A%2F%2Fm.rakuten.co.jp%2Fhotch-potch%2Fi%2F10017854%2F&rafcid=wsc_i_is_124a6e86-bc9f-4472-a72d-86c28484d720,percent,0,site|x,active,2026-06-27
electric_kettle_research,rakuten,新基準モデル 正規品 バルミューダ ザ・ポット BALMUDA The Pot KPT03JP電気ケトル おしゃれ ドリップケトル ケトル コーヒードリップ ポット 細口 電気ポット 湯沸かしポット 湯沸かし器 ステンレス◇やかん 結婚祝い ホワイト ブラック 送料無料,家事・時短,電気ケトル|電気ケトル|新基準モデル 正規品 バルミューダ ザ・ポット BALMUDA The Pot KPT03JP電気ケトル おしゃれ ドリップケトル ケトル コーヒードリップ ポット 細口 電気ポット 湯沸かしポット 湯沸かし器 ステンレス◇やかん 結婚祝い ホワイト ブラック 送料無料,電気ケトル,電気ケトル,https://hb.afl.rakuten.co.jp/hgc/g00pzd8n.ndhmt086.g00pzd8n.ndhmu3df/?pc=https%3A%2F%2Fitem.rakuten.co.jp%2Fplywood%2F14949004%2F&m=http%3A%2F%2Fm.rakuten.co.jp%2Fplywood%2Fi%2F10013837%2F&rafcid=wsc_i_is_124a6e86-bc9f-4472-a72d-86c28484d720,https://hb.afl.rakuten.co.jp/hgc/g00pzd8n.ndhmt086.g00pzd8n.ndhmu3df/?pc=https%3A%2F%2Fitem.rakuten.co.jp%2Fplywood%2F14949004%2F&m=http%3A%2F%2Fm.rakuten.co.jp%2Fplywood%2Fi%2F10013837%2F&rafcid=wsc_i_is_124a6e86-bc9f-4472-a72d-86c28484d720,percent,0,site|x,active,2026-06-27
microwave_oven_research,rakuten,電子レンジ 17L 650W 500W ターン ターンテーブル レンジ 単機能 アイリスオーヤマ シンプル 一人暮らし ひとり暮らし 新生活 単機能レンジ コンパクト 全国対応 西日本 東日本 ホワイト ブラック,家事・時短,電子レンジ|電子レンジ 単機能|電子レンジ 17L 650W 500W ターン ターンテーブル レンジ 単機能 アイリスオーヤマ シンプル 一人暮らし ひとり暮らし 新生活 単機能レンジ コンパクト 全国対応 西日本 東日本 ホワイト ブラック,電子レンジ,電子レンジ 単機能,https://hb.afl.rakuten.co.jp/hgc/g00qvevn.ndhmt162.g00qvevn.ndhmua3c/?pc=https%3A%2F%2Fitem.rakuten.co.jp%2Fkadenrand%2F560082%2F&m=http%3A%2F%2Fm.rakuten.co.jp%2Fkadenrand%2Fi%2F10003059%2F&rafcid=wsc_i_is_124a6e86-bc9f-4472-a72d-86c28484d720,https://hb.afl.rakuten.co.jp/hgc/g00qvevn.ndhmt162.g00qvevn.ndhmua3c/?pc=https%3A%2F%2Fitem.rakuten.co.jp%2Fkadenrand%2F560082%2F&m=http%3A%2F%2Fm.rakuten.co.jp%2Fkadenrand%2Fi%2F10003059%2F&rafcid=wsc_i_is_124a6e86-bc9f-4472-a72d-86c28484d720,percent,0,site|x,active,2026-06-27
rice_cooker_research,rakuten,"＼レビュー1,500件突破★／ 炊飯器 3合 IH 5.5合 5合炊き 3合炊き アイリスオーヤマ ホワイト ブラック ピンク ベージュ グレー 小型 コンパクト 一人暮らし 銘柄炊き 低温調理 炊飯ジャー 料理 RC-IL30 RC-ILA50",家事・時短,"炊飯器|炊飯器 3合|＼レビュー1,500件突破★／ 炊飯器 3合 IH 5.5合 5合炊き 3合炊き アイリスオーヤマ ホワイト ブラック ピンク ベージュ グレー 小型 コンパクト 一人暮らし 銘柄炊き 低温調理 炊飯ジャー 料理 RC-IL30 RC-ILA50",炊飯器,炊飯器 3合,https://hb.afl.rakuten.co.jp/hgc/g00prken.ndhmt604.g00prken.ndhmu45d/?pc=https%3A%2F%2Fitem.rakuten.co.jp%2Fenetroom%2F569935%2F&m=http%3A%2F%2Fm.rakuten.co.jp%2Fenetroom%2Fi%2F10165444%2F&rafcid=wsc_i_is_124a6e86-bc9f-4472-a72d-86c28484d720,https://hb.afl.rakuten.co.jp/hgc/g00prken.ndhmt604.g00prken.ndhmu45d/?pc=https%3A%2F%2Fitem.rakuten.co.jp%2Fenetroom%2F569935%2F&m=http%3A%2F%2Fm.rakuten.co.jp%2Fenetroom%2Fi%2F10165444%2F&rafcid=wsc_i_is_124a6e86-bc9f-4472-a72d-86c28484d720,percent,0,site|x,active,2026-06-27
toaster_oven_research,rakuten,【楽天1位】 アラジントースター 4枚 オーブントースター [ 選べる豪華2大特典＋13種レシピ付き ] アラジン トースター 4枚 グリル AGT-G13B Aladdin 4枚焼き トースト グリル調理 [ アラジン グラファイト グリル＆トースター ],家事・時短,オーブントースター|オーブントースター|【楽天1位】 アラジントースター 4枚 オーブントースター [ 選べる豪華2大特典＋13種レシピ付き ] アラジン トースター 4枚 グリル AGT-G13B Aladdin 4枚焼き トースト グリル調理 [ アラジン グラファイト グリル＆トースター ],オーブントースター,オーブントースター,https://hb.afl.rakuten.co.jp/hgc/g00pmxdn.ndhmtf32.g00pmxdn.ndhmufbc/?pc=https%3A%2F%2Fitem.rakuten.co.jp%2Fe-goods%2Fe_aj_g13%2F&m=http%3A%2F%2Fm.rakuten.co.jp%2Fe-goods%2Fi%2F10013693%2F&rafcid=wsc_i_is_124a6e86-bc9f-4472-a72d-86c28484d720,https://hb.afl.rakuten.co.jp/hgc/g00pmxdn.ndhmtf32.g00pmxdn.ndhmufbc/?pc=https%3A%2F%2Fitem.rakuten.co.jp%2Fe-goods%2Fe_aj_g13%2F&m=http%3A%2F%2Fm.rakuten.co.jp%2Fe-goods%2Fi%2F10013693%2F&rafcid=wsc_i_is_124a6e86-bc9f-4472-a72d-86c28484d720,percent,0,site|x,active,2026-06-27
air_purifier_research,rakuten,空気清浄機 加湿空気清浄機 シャープ プラズマクラスター KC-35T7 花粉対策 空気清浄機 ウイルス対策 黄砂 加湿器 プラズマクラスター7000 PM2.5 タバコ ペット,家事・時短,空気清浄機|空気清浄機|空気清浄機 加湿空気清浄機 シャープ プラズマクラスター KC-35T7 花粉対策 空気清浄機 ウイルス対策 黄砂 加湿器 プラズマクラスター7000 PM2.5 タバコ ペット,空気清浄機,空気清浄機,https://hb.afl.rakuten.co.jp/hgc/g00qst1n.ndhmt458.g00qst1n.ndhmu337/?pc=https%3A%2F%2Fitem.rakuten.co.jp%2Ftokado-tv%2F4689_4690%2F&m=http%3A%2F%2Fm.rakuten.co.jp%2Ftokado-tv%2Fi%2F10009534%2F&rafcid=wsc_i_is_124a6e86-bc9f-4472-a72d-86c28484d720,https://hb.afl.rakuten.co.jp/hgc/g00qst1n.ndhmt458.g00qst1n.ndhmu337/?pc=https%3A%2F%2Fitem.rakuten.co.jp%2Ftokado-tv%2F4689_4690%2F&m=http%3A%2F%2Fm.rakuten.co.jp%2Ftokado-tv%2Fi%2F10009534%2F&rafcid=wsc_i_is_124a6e86-bc9f-4472-a72d-86c28484d720,percent,0,site|x,active,2026-06-27
ceramic_heater_research,rakuten,[レビュー14000件超え／高評価4.4点] ヒーター 人感センサー 電気ストーブ 足元 オフィス 省エネ おしゃれ 即暖 セラミックヒーター ファンヒーター セラミックファンヒーター パネルヒーター コンパクト 薄型 小型,家事・時短,セラミックヒーター|セラミックヒーター|[レビュー14000件超え／高評価4.4点] ヒーター 人感センサー 電気ストーブ 足元 オフィス 省エネ おしゃれ 即暖 セラミックヒーター ファンヒーター セラミックファンヒーター パネルヒーター コンパクト 薄型 小型,セラミックヒーター,セラミックヒーター,https://hb.afl.rakuten.co.jp/hgc/g00qqpqn.ndhmt3c6.g00qqpqn.ndhmud03/?pc=https%3A%2F%2Fitem.rakuten.co.jp%2Fdondon%2Fmdht-001%2F&m=http%3A%2F%2Fm.rakuten.co.jp%2Fdondon%2Fi%2F10004204%2F&rafcid=wsc_i_is_124a6e86-bc9f-4472-a72d-86c28484d720,https://hb.afl.rakuten.co.jp/hgc/g00qqpqn.ndhmt3c6.g00qqpqn.ndhmud03/?pc=https%3A%2F%2Fitem.rakuten.co.jp%2Fdondon%2Fmdht-001%2F&m=http%3A%2F%2Fm.rakuten.co.jp%2Fdondon%2Fi%2F10004204%2F&rafcid=wsc_i_is_124a6e86-bc9f-4472-a72d-86c28484d720,percent,0,site|x,active,2026-06-27
cordless_vacuum_research,rakuten,掃除機 コードレス ハンディクリーナー おしゃれ 車 掃除機 ハンディ 軽量 強力 コードレス掃除機 吸引力 ハンドクリーナー 人気 ハンディ掃除機 車 コードレスクリーナー 車用 充電式 掃除機 一人暮らし 静音 小さい カークリーナー ポイント消化 吸龍 SUIRYU 12点セット,家事・時短,コードレス掃除機|コードレス掃除機|掃除機 コードレス ハンディクリーナー おしゃれ 車 掃除機 ハンディ 軽量 強力 コードレス掃除機 吸引力 ハンドクリーナー 人気 ハンディ掃除機 車 コードレスクリーナー 車用 充電式 掃除機 一人暮らし 静音 小さい カークリーナー ポイント消化 吸龍 SUIRYU 12点セット,コードレス掃除機,コードレス掃除機,https://hb.afl.rakuten.co.jp/hgc/g00t1d5n.ndhmt2ff.g00t1d5n.ndhmu1a3/?pc=https%3A%2F%2Fitem.rakuten.co.jp%2Fueno-mono%2Fsuiryu-1%2F&m=http%3A%2F%2Fm.rakuten.co.jp%2Fueno-mono%2Fi%2F10000006%2F&rafcid=wsc_i_is_124a6e86-bc9f-4472-a72d-86c28484d720,https://hb.afl.rakuten.co.jp/hgc/g00t1d5n.ndhmt2ff.g00t1d5n.ndhmu1a3/?pc=https%3A%2F%2Fitem.rakuten.co.jp%2Fueno-mono%2Fsuiryu-1%2F&m=http%3A%2F%2Fm.rakuten.co.jp%2Fueno-mono%2Fi%2F10000006%2F&rafcid=wsc_i_is_124a6e86-bc9f-4472-a72d-86c28484d720,percent,0,site|x,active,2026-06-27
electric_fan_research,rakuten,【10%OFFクーポン 6/29 23:59迄】扇風機 左右首振り リビング扇風機 風量3段階 押しボタン 切りタイマー 静音 省エネ YLT-AG30E 30cm羽根 首ふり リビングファン サーキュレーター おしゃれ シンプル 換気 熱中症対策 山善 YAMAZEN 【送料無料】,家事・時短,扇風機|扇風機 リビング|【10%OFFクーポン 6/29 23:59迄】扇風機 左右首振り リビング扇風機 風量3段階 押しボタン 切りタイマー 静音 省エネ YLT-AG30E 30cm羽根 首ふり リビングファン サーキュレーター おしゃれ シンプル 換気 熱中症対策 山善 YAMAZEN 【送料無料】,扇風機,扇風機 リビング,https://hb.afl.rakuten.co.jp/hgc/g00pui9n.ndhmt776.g00pui9n.ndhmu72e/?pc=https%3A%2F%2Fitem.rakuten.co.jp%2Fe-kurashi%2F1467895%2F&m=http%3A%2F%2Fm.rakuten.co.jp%2Fe-kurashi%2Fi%2F10001743%2F&rafcid=wsc_i_is_124a6e86-bc9f-4472-a72d-86c28484d720,https://hb.afl.rakuten.co.jp/hgc/g00pui9n.ndhmt776.g00pui9n.ndhmu72e/?pc=https%3A%2F%2Fitem.rakuten.co.jp%2Fe-kurashi%2F1467895%2F&m=http%3A%2F%2Fm.rakuten.co.jp%2Fe-kurashi%2Fi%2F10001743%2F&rafcid=wsc_i_is_124a6e86-bc9f-4472-a72d-86c28484d720,percent,0,site|x,active,2026-06-27
hair_dryer_research,rakuten,"【楽天1位★クーポン+Pで3,690円！】ドライヤー 速乾 大風量 2億マイナスイオン 軽量 静音 1年保証 高速ドライヤー ヘアドライヤー 静電気除去 コンパクト 人気 髪質改善 美容家電 ヘアケア 美髪 時短 レディース メンズ ヘアサロン 冷熱風 ホワイトデ ギフト 家庭",家事・時短,"ドライヤー|ドライヤー 大風量|【楽天1位★クーポン+Pで3,690円！】ドライヤー 速乾 大風量 2億マイナスイオン 軽量 静音 1年保証 高速ドライヤー ヘアドライヤー 静電気除去 コンパクト 人気 髪質改善 美容家電 ヘアケア 美髪 時短 レディース メンズ ヘアサロン 冷熱風 ホワイトデ ギフト 家庭",ドライヤー,ドライヤー 大風量,https://hb.afl.rakuten.co.jp/hgc/g00u8azn.ndhmt985.g00u8azn.ndhmu510/?pc=https%3A%2F%2Fitem.rakuten.co.jp%2Fmikirona%2Fs-sd-l88%2F&m=http%3A%2F%2Fm.rakuten.co.jp%2Fmikirona%2Fi%2F10000085%2F&rafcid=wsc_i_is_124a6e86-bc9f-4472-a72d-86c28484d720,https://hb.afl.rakuten.co.jp/hgc/g00u8azn.ndhmt985.g00u8azn.ndhmu510/?pc=https%3A%2F%2Fitem.rakuten.co.jp%2Fmikirona%2Fs-sd-l88%2F&m=http%3A%2F%2Fm.rakuten.co.jp%2Fmikirona%2Fi%2F10000085%2F&rafcid=wsc_i_is_124a6e86-bc9f-4472-a72d-86c28484d720,percent,0,site|x,active,2026-06-27
body_trimmer_research,rakuten,【即納】高評価★4.67 ＼楽天ランキング1位＆6冠受賞／ パナソニック ボディトリマー メンズ ボディシェーバー VIO～全身対応 お風呂剃り可 肌にやさしい パナソニック ボディートリマー er-gk83 パナソニック シェーバー メンズ シェーバー vio ボディーシェーバー,美容,ボディトリマー|ボディトリマー メンズ|【即納】高評価★4.67 ＼楽天ランキング1位＆6冠受賞／ パナソニック ボディトリマー メンズ ボディシェーバー VIO～全身対応 お風呂剃り可 肌にやさしい パナソニック ボディートリマー er-gk83 パナソニック シェーバー メンズ シェーバー vio ボディーシェーバー,ボディトリマー,ボディトリマー メンズ,https://hb.afl.rakuten.co.jp/hgc/g00tvyon.ndhmt333.g00tvyon.ndhmu34c/?pc=https%3A%2F%2Fitem.rakuten.co.jp%2Fcloud-nine%2F2593-000701%2F&m=http%3A%2F%2Fm.rakuten.co.jp%2Fcloud-nine%2Fi%2F10000443%2F&rafcid=wsc_i_is_124a6e86-bc9f-4472-a72d-86c28484d720,https://hb.afl.rakuten.co.jp/hgc/g00tvyon.ndhmt333.g00tvyon.ndhmu34c/?pc=https%3A%2F%2Fitem.rakuten.co.jp%2Fcloud-nine%2F2593-000701%2F&m=http%3A%2F%2Fm.rakuten.co.jp%2Fcloud-nine%2Fi%2F10000443%2F&rafcid=wsc_i_is_124a6e86-bc9f-4472-a72d-86c28484d720,percent,0,site|x,active,2026-06-27
electric_shaver_research,rakuten,「楽天1位 6冠達成」髭剃り シェーバー メンズシェーバー 電気シェーバー 電気カミソリ 電動シェーバー 電気かみそり 電気剃刀 お風呂ソリ ひげそり ヒゲソリ 電動 男性 丸洗い可能 深剃り 回転刃 回転式 充電式 防水 出張 携帯 ギフト,美容,電気シェーバー|電気シェーバー メンズ|「楽天1位 6冠達成」髭剃り シェーバー メンズシェーバー 電気シェーバー 電気カミソリ 電動シェーバー 電気かみそり 電気剃刀 お風呂ソリ ひげそり ヒゲソリ 電動 男性 丸洗い可能 深剃り 回転刃 回転式 充電式 防水 出張 携帯 ギフト,電気シェーバー,電気シェーバー メンズ,https://hb.afl.rakuten.co.jp/hgc/g00tsqqn.ndhmta03.g00tsqqn.ndhmuae0/?pc=https%3A%2F%2Fitem.rakuten.co.jp%2Fcholylife%2Fqm3%2F&m=http%3A%2F%2Fm.rakuten.co.jp%2Fcholylife%2Fi%2F10000085%2F&rafcid=wsc_i_is_124a6e86-bc9f-4472-a72d-86c28484d720,https://hb.afl.rakuten.co.jp/hgc/g00tsqqn.ndhmta03.g00tsqqn.ndhmuae0/?pc=https%3A%2F%2Fitem.rakuten.co.jp%2Fcholylife%2Fqm3%2F&m=http%3A%2F%2Fm.rakuten.co.jp%2Fcholylife%2Fi%2F10000085%2F&rafcid=wsc_i_is_124a6e86-bc9f-4472-a72d-86c28484d720,percent,0,site|x,active,2026-06-27
hair_iron_research,rakuten,"＼限定クーポンで3,060円！／『楽天1位常連★高評価＆雑誌掲載』ヘアアイロン ストレートアイロン カールアイロン速熱 2way 温度調節 MAX230℃ 27mm ヘアーアイロン マイナスイオン うるおい プレート 前髪 縮毛 矯正 ツヤ アイロン 男女兼用 軽量 海外",美容,"ヘアアイロン|メンズ ヘアアイロン|＼限定クーポンで3,060円！／『楽天1位常連★高評価＆雑誌掲載』ヘアアイロン ストレートアイロン カールアイロン速熱 2way 温度調節 MAX230℃ 27mm ヘアーアイロン マイナスイオン うるおい プレート 前髪 縮毛 矯正 ツヤ アイロン 男女兼用 軽量 海外",ヘアアイロン,メンズ ヘアアイロン,https://hb.afl.rakuten.co.jp/hgc/g00tvx2n.ndhmt4a5.g00tvx2n.ndhmu260/?pc=https%3A%2F%2Fitem.rakuten.co.jp%2Ftripleshop%2Fs-zfqv213bk-%2F&m=http%3A%2F%2Fm.rakuten.co.jp%2Ftripleshop%2Fi%2F10000174%2F&rafcid=wsc_i_is_124a6e86-bc9f-4472-a72d-86c28484d720,https://hb.afl.rakuten.co.jp/hgc/g00tvx2n.ndhmt4a5.g00tvx2n.ndhmu260/?pc=https%3A%2F%2Fitem.rakuten.co.jp%2Ftripleshop%2Fs-zfqv213bk-%2F&m=http%3A%2F%2Fm.rakuten.co.jp%2Ftripleshop%2Fi%2F10000174%2F&rafcid=wsc_i_is_124a6e86-bc9f-4472-a72d-86c28484d720,percent,0,site|x,active,2026-06-27
hair_wax_research,rakuten,【公式】レタッチ ワックス パーマ用 WAVE 90g / RETOUCH / ヘアワックス スタイリング クリームワックス ムース 柔らかい ツヤ メンズ 濡れ髪 くせ毛 パーマ用 スタイリング剤 整髪料 ワックス パーマ ウェーブ サロン 美容室 人気 男性,美容,ヘアワックス|メンズ ヘアワックス|【公式】レタッチ ワックス パーマ用 WAVE 90g / RETOUCH / ヘアワックス スタイリング クリームワックス ムース 柔らかい ツヤ メンズ 濡れ髪 くせ毛 パーマ用 スタイリング剤 整髪料 ワックス パーマ ウェーブ サロン 美容室 人気 男性,ヘアワックス,メンズ ヘアワックス,https://hb.afl.rakuten.co.jp/hgc/g00ubg3n.ndhmtd83.g00ubg3n.ndhmuadb/?pc=https%3A%2F%2Fitem.rakuten.co.jp%2Fretouch-tokyo%2F10000013%2F&m=http%3A%2F%2Fm.rakuten.co.jp%2Fretouch-tokyo%2Fi%2F10000012%2F&rafcid=wsc_i_is_124a6e86-bc9f-4472-a72d-86c28484d720,https://hb.afl.rakuten.co.jp/hgc/g00ubg3n.ndhmtd83.g00ubg3n.ndhmuadb/?pc=https%3A%2F%2Fitem.rakuten.co.jp%2Fretouch-tokyo%2F10000013%2F&m=http%3A%2F%2Fm.rakuten.co.jp%2Fretouch-tokyo%2Fi%2F10000012%2F&rafcid=wsc_i_is_124a6e86-bc9f-4472-a72d-86c28484d720,percent,0,site|x,active,2026-06-27
home_hair_removal_research,rakuten,"【35%OFFクーポン利用で 94,800円 ⇒ 61,620円】6/27(土)20:00～7/3(金)23:59まで｜楽天1位 業界最高峰パワー VIOにも刺激レス 脱毛器・光美容器を手掛けるブラウン シルクエキスパート PL-5157 Braun VIO メンズ 光 家庭用 ipl ギフト 男女兼用",美容,"家庭用脱毛器|家庭用 脱毛器|【35%OFFクーポン利用で 94,800円 ⇒ 61,620円】6/27(土)20:00～7/3(金)23:59まで｜楽天1位 業界最高峰パワー VIOにも刺激レス 脱毛器・光美容器を手掛けるブラウン シルクエキスパート PL-5157 Braun VIO メンズ 光 家庭用 ipl ギフト 男女兼用",家庭用脱毛器,家庭用 脱毛器,https://hb.afl.rakuten.co.jp/hgc/g00t4o9n.ndhmtfab.g00t4o9n.ndhmu861/?pc=https%3A%2F%2Fitem.rakuten.co.jp%2Fbraun%2Fsilk-expert-pl-p%2F&m=http%3A%2F%2Fm.rakuten.co.jp%2Fbraun%2Fi%2F10000409%2F&rafcid=wsc_i_is_124a6e86-bc9f-4472-a72d-86c28484d720,https://hb.afl.rakuten.co.jp/hgc/g00t4o9n.ndhmtfab.g00t4o9n.ndhmu861/?pc=https%3A%2F%2Fitem.rakuten.co.jp%2Fbraun%2Fsilk-expert-pl-p%2F&m=http%3A%2F%2Fm.rakuten.co.jp%2Fbraun%2Fi%2F10000409%2F&rafcid=wsc_i_is_124a6e86-bc9f-4472-a72d-86c28484d720,percent,0,site|x,active,2026-06-27
bcaa_research,rakuten,"[LINE登録で1,000円OFF] VALX EAA 9 500g 選べる6種フレーバー 必須アミノ酸 9種配合 β-アラニン 3,000mg 国内生産 山本義徳 パウダー 粉末 サプリ シトラス コーラ 青りんご ライチ 筋トレ ダイエット アミノ酸 BCAA",フィットネス,"BCAA|BCAA パウダー|[LINE登録で1,000円OFF] VALX EAA 9 500g 選べる6種フレーバー 必須アミノ酸 9種配合 β-アラニン 3,000mg 国内生産 山本義徳 パウダー 粉末 サプリ シトラス コーラ 青りんご ライチ 筋トレ ダイエット アミノ酸 BCAA",BCAA,BCAA パウダー,https://hb.afl.rakuten.co.jp/hgc/g00tli8n.ndhmt34b.g00tli8n.ndhmu84f/?pc=https%3A%2F%2Fitem.rakuten.co.jp%2Fvalx%2Feaa_greenapple_renewal%2F&m=http%3A%2F%2Fm.rakuten.co.jp%2Fvalx%2Fi%2F10000177%2F&rafcid=wsc_i_is_124a6e86-bc9f-4472-a72d-86c28484d720,https://hb.afl.rakuten.co.jp/hgc/g00tli8n.ndhmt34b.g00tli8n.ndhmu84f/?pc=https%3A%2F%2Fitem.rakuten.co.jp%2Fvalx%2Feaa_greenapple_renewal%2F&m=http%3A%2F%2Fm.rakuten.co.jp%2Fvalx%2Fi%2F10000177%2F&rafcid=wsc_i_is_124a6e86-bc9f-4472-a72d-86c28484d720,percent,0,site|x|instagram,active,2026-06-27
creatine_research,rakuten,クレアチン サプリ 高純度 クレアルカリン カプセル 30日分 筋トレ バルクアップ 筋力アップ 国産 アンチドーピング クレアチンモノハイドレート 錠剤 筋肉 トレーニング タブレット 健康 サプリメント たんぱく質サポート ランキング1位3冠【送料無料】,フィットネス,クレアチン|クレアチン モノハイドレート|クレアチン サプリ 高純度 クレアルカリン カプセル 30日分 筋トレ バルクアップ 筋力アップ 国産 アンチドーピング クレアチンモノハイドレート 錠剤 筋肉 トレーニング タブレット 健康 サプリメント たんぱく質サポート ランキング1位3冠【送料無料】,クレアチン,クレアチン モノハイドレート,https://hb.afl.rakuten.co.jp/hgc/g00sxenn.ndhmtb26.g00sxenn.ndhmu55c/?pc=https%3A%2F%2Fitem.rakuten.co.jp%2Fbeautyplus%2Fkrea%2F&m=http%3A%2F%2Fm.rakuten.co.jp%2Fbeautyplus%2Fi%2F10000055%2F&rafcid=wsc_i_is_124a6e86-bc9f-4472-a72d-86c28484d720,https://hb.afl.rakuten.co.jp/hgc/g00sxenn.ndhmtb26.g00sxenn.ndhmu55c/?pc=https%3A%2F%2Fitem.rakuten.co.jp%2Fbeautyplus%2Fkrea%2F&m=http%3A%2F%2Fm.rakuten.co.jp%2Fbeautyplus%2Fi%2F10000055%2F&rafcid=wsc_i_is_124a6e86-bc9f-4472-a72d-86c28484d720,percent,0,site|x|instagram,active,2026-06-27
eaa_research,rakuten,≪公式≫ALL OUT EAA サプリ 筋トレ サプリメント 男性 女性 ダイエット BCAA グレープ風味 パイナップル風味 トレーニング ダイエット 栄養補給 サポート 大人気,フィットネス,EAA|EAA パウダー|≪公式≫ALL OUT EAA サプリ 筋トレ サプリメント 男性 女性 ダイエット BCAA グレープ風味 パイナップル風味 トレーニング ダイエット 栄養補給 サポート 大人気,EAA,EAA パウダー,https://hb.afl.rakuten.co.jp/hgc/g00stk9n.ndhmtb66.g00stk9n.ndhmu67f/?pc=https%3A%2F%2Fitem.rakuten.co.jp%2Ftoripurussss%2Feaa600%2F&m=http%3A%2F%2Fm.rakuten.co.jp%2Ftoripurussss%2Fi%2F10000089%2F&rafcid=wsc_i_is_124a6e86-bc9f-4472-a72d-86c28484d720,https://hb.afl.rakuten.co.jp/hgc/g00stk9n.ndhmtb66.g00stk9n.ndhmu67f/?pc=https%3A%2F%2Fitem.rakuten.co.jp%2Ftoripurussss%2Feaa600%2F&m=http%3A%2F%2Fm.rakuten.co.jp%2Ftoripurussss%2Fi%2F10000089%2F&rafcid=wsc_i_is_124a6e86-bc9f-4472-a72d-86c28484d720,percent,0,site|x|instagram,active,2026-06-27
glutamine_research,rakuten,グルタミンパウダー 1kg athlecheer アスリチア サプリメント GLUTAMINE POWDER,フィットネス,グルタミン|グルタミン パウダー|グルタミンパウダー 1kg athlecheer アスリチア サプリメント GLUTAMINE POWDER,グルタミン,グルタミン パウダー,https://hb.afl.rakuten.co.jp/hgc/g00u0ofn.ndhmte19.g00u0ofn.ndhmud51/?pc=https%3A%2F%2Fitem.rakuten.co.jp%2Fathlecheer%2Fglutamine1000%2F&m=http%3A%2F%2Fm.rakuten.co.jp%2Fathlecheer%2Fi%2F10000003%2F&rafcid=wsc_i_is_124a6e86-bc9f-4472-a72d-86c28484d720,https://hb.afl.rakuten.co.jp/hgc/g00u0ofn.ndhmte19.g00u0ofn.ndhmud51/?pc=https%3A%2F%2Fitem.rakuten.co.jp%2Fathlecheer%2Fglutamine1000%2F&m=http%3A%2F%2Fm.rakuten.co.jp%2Fathlecheer%2Fi%2F10000003%2F&rafcid=wsc_i_is_124a6e86-bc9f-4472-a72d-86c28484d720,percent,0,site|x|instagram,active,2026-06-27
calcium_magnesium_research,rakuten,葉酸 サプリ mitete 葉酸サプリ 30日分【袋タイプ】 AFC 葉酸サプリメント 葉酸配合 乳酸菌 鉄 カルシウム ビタミン 妊娠中 妊活【送料無料】,健康,カルシウム・マグネシウム|カルシウム マグネシウム サプリ|葉酸 サプリ mitete 葉酸サプリ 30日分【袋タイプ】 AFC 葉酸サプリメント 葉酸配合 乳酸菌 鉄 カルシウム ビタミン 妊娠中 妊活【送料無料】,カルシウム・マグネシウム,カルシウム マグネシウム サプリ,https://hb.afl.rakuten.co.jp/hgc/g00ppu1n.ndhmt018.g00ppu1n.ndhmua1c/?pc=https%3A%2F%2Fitem.rakuten.co.jp%2Fafc%2F06651x1%2F&m=http%3A%2F%2Fm.rakuten.co.jp%2Fafc%2Fi%2F10002396%2F&rafcid=wsc_i_is_124a6e86-bc9f-4472-a72d-86c28484d720,https://hb.afl.rakuten.co.jp/hgc/g00ppu1n.ndhmt018.g00ppu1n.ndhmua1c/?pc=https%3A%2F%2Fitem.rakuten.co.jp%2Fafc%2F06651x1%2F&m=http%3A%2F%2Fm.rakuten.co.jp%2Fafc%2Fi%2F10002396%2F&rafcid=wsc_i_is_124a6e86-bc9f-4472-a72d-86c28484d720,percent,0,site|x|instagram,active,2026-06-27
dietary_fiber_research,rakuten,イヌリン 機能性表示食品 500g 【食後の 血糖値 や 便秘 が気になる方に】 サプリメント サプリ 菊芋 食物繊維 天然 チコリ由来 ダイエット 水溶性食物繊維 パウダー 粉末,健康,食物繊維|食物繊維 パウダー|イヌリン 機能性表示食品 500g 【食後の 血糖値 や 便秘 が気になる方に】 サプリメント サプリ 菊芋 食物繊維 天然 チコリ由来 ダイエット 水溶性食物繊維 パウダー 粉末,食物繊維,食物繊維 パウダー,https://hb.afl.rakuten.co.jp/hgc/g00skvkn.ndhmt595.g00skvkn.ndhmu8e1/?pc=https%3A%2F%2Fitem.rakuten.co.jp%2Flohas-s%2Fls299%2F&m=http%3A%2F%2Fm.rakuten.co.jp%2Flohas-s%2Fi%2F10000359%2F&rafcid=wsc_i_is_124a6e86-bc9f-4472-a72d-86c28484d720,https://hb.afl.rakuten.co.jp/hgc/g00skvkn.ndhmt595.g00skvkn.ndhmu8e1/?pc=https%3A%2F%2Fitem.rakuten.co.jp%2Flohas-s%2Fls299%2F&m=http%3A%2F%2Fm.rakuten.co.jp%2Flohas-s%2Fi%2F10000359%2F&rafcid=wsc_i_is_124a6e86-bc9f-4472-a72d-86c28484d720,percent,0,site|x|instagram,active,2026-06-27
lactic_acid_bacteria_research,rakuten,葉酸サプリ mitete 葉酸 配合サプリ 90日分 (30日分 3個セット)【袋タイプ】鉄分 鉄 乳酸菌 サプリ サプリメント 送料無料,健康,乳酸菌|乳酸菌 サプリ|葉酸サプリ mitete 葉酸 配合サプリ 90日分 (30日分 3個セット)【袋タイプ】鉄分 鉄 乳酸菌 サプリ サプリメント 送料無料,乳酸菌,乳酸菌 サプリ,https://hb.afl.rakuten.co.jp/hgc/g00ppu1n.ndhmt018.g00ppu1n.ndhmua1c/?pc=https%3A%2F%2Fitem.rakuten.co.jp%2Fafc%2F06961x3%2F&m=http%3A%2F%2Fm.rakuten.co.jp%2Fafc%2Fi%2F10033092%2F&rafcid=wsc_i_is_124a6e86-bc9f-4472-a72d-86c28484d720,https://hb.afl.rakuten.co.jp/hgc/g00ppu1n.ndhmt018.g00ppu1n.ndhmua1c/?pc=https%3A%2F%2Fitem.rakuten.co.jp%2Fafc%2F06961x3%2F&m=http%3A%2F%2Fm.rakuten.co.jp%2Fafc%2Fi%2F10033092%2F&rafcid=wsc_i_is_124a6e86-bc9f-4472-a72d-86c28484d720,percent,0,site|x|instagram,active,2026-06-27
multivitamin_research,rakuten,マルチビタミン＆マルチミネラル（約1ヶ月分）送料無料 サプリ サプリメント 健康 美容 ビタミンA ビタミンB ビタミンC ビタミンD ビタミンE 葉酸 ナイアシン ミネラル カロテン 鉄 亜鉛 カルシウム,健康,マルチビタミン|マルチビタミン サプリ|マルチビタミン＆マルチミネラル（約1ヶ月分）送料無料 サプリ サプリメント 健康 美容 ビタミンA ビタミンB ビタミンC ビタミンD ビタミンE 葉酸 ナイアシン ミネラル カロテン 鉄 亜鉛 カルシウム,マルチビタミン,マルチビタミン サプリ,https://hb.afl.rakuten.co.jp/hgc/g00r8h1n.ndhmtb1a.g00r8h1n.ndhmucd5/?pc=https%3A%2F%2Fitem.rakuten.co.jp%2Fseedcoms%2F1000290954-1%2F&m=http%3A%2F%2Fm.rakuten.co.jp%2Fseedcoms%2Fi%2F10007398%2F&rafcid=wsc_i_is_124a6e86-bc9f-4472-a72d-86c28484d720,https://hb.afl.rakuten.co.jp/hgc/g00r8h1n.ndhmtb1a.g00r8h1n.ndhmucd5/?pc=https%3A%2F%2Fitem.rakuten.co.jp%2Fseedcoms%2F1000290954-1%2F&m=http%3A%2F%2Fm.rakuten.co.jp%2Fseedcoms%2Fi%2F10007398%2F&rafcid=wsc_i_is_124a6e86-bc9f-4472-a72d-86c28484d720,percent,0,site|x|instagram,active,2026-06-27
vitamin_c_research,rakuten,大容量 ブルーベリー サプリ (約3ヶ月分) 送料無料 サプリメント ビルベリー アントシアニン ポリフェノール カシス アイブライトエキス 配合 ルテイン と相性◎ デジタルケア PC スマホ 健康食品 オーガランド ビタミンC 送料無料,健康,ビタミンC|ビタミンC サプリ|大容量 ブルーベリー サプリ (約3ヶ月分) 送料無料 サプリメント ビルベリー アントシアニン ポリフェノール カシス アイブライトエキス 配合 ルテイン と相性◎ デジタルケア PC スマホ 健康食品 オーガランド ビタミンC 送料無料,ビタミンC,ビタミンC サプリ,https://hb.afl.rakuten.co.jp/hgc/g00pzamn.ndhmt1da.g00pzamn.ndhmu584/?pc=https%3A%2F%2Fitem.rakuten.co.jp%2Foga%2F945178%2F&m=http%3A%2F%2Fm.rakuten.co.jp%2Foga%2Fi%2F10126663%2F&rafcid=wsc_i_is_124a6e86-bc9f-4472-a72d-86c28484d720,https://hb.afl.rakuten.co.jp/hgc/g00pzamn.ndhmt1da.g00pzamn.ndhmu584/?pc=https%3A%2F%2Fitem.rakuten.co.jp%2Foga%2F945178%2F&m=http%3A%2F%2Fm.rakuten.co.jp%2Foga%2Fi%2F10126663%2F&rafcid=wsc_i_is_124a6e86-bc9f-4472-a72d-86c28484d720,percent,0,site|x|instagram,active,2026-06-27
laptop_stand_research,rakuten,【レビュー3500件突破！】雑誌掲載 BoYata ノートパソコンスタンド N-19 PCスタンド 高さ 角度調整可能 姿勢改善 猫背解消 折りたたみ ノートPCスタンド 滑り止め アルミ合金製 カーボン ホルダータブレット,AI・ガジェット,ノートPCスタンド|ノートPC スタンド|【レビュー3500件突破！】雑誌掲載 BoYata ノートパソコンスタンド N-19 PCスタンド 高さ 角度調整可能 姿勢改善 猫背解消 折りたたみ ノートPCスタンド 滑り止め アルミ合金製 カーボン ホルダータブレット,ノートPCスタンド,ノートPC スタンド,https://hb.afl.rakuten.co.jp/hgc/g00rzshn.ndhmt43e.g00rzshn.ndhmu796/?pc=https%3A%2F%2Fitem.rakuten.co.jp%2Fselectshopcrea%2Fboyata1%2F&m=http%3A%2F%2Fm.rakuten.co.jp%2Fselectshopcrea%2Fi%2F10000069%2F&rafcid=wsc_i_is_124a6e86-bc9f-4472-a72d-86c28484d720,https://hb.afl.rakuten.co.jp/hgc/g00rzshn.ndhmt43e.g00rzshn.ndhmu796/?pc=https%3A%2F%2Fitem.rakuten.co.jp%2Fselectshopcrea%2Fboyata1%2F&m=http%3A%2F%2Fm.rakuten.co.jp%2Fselectshopcrea%2Fi%2F10000069%2F&rafcid=wsc_i_is_124a6e86-bc9f-4472-a72d-86c28484d720,percent,0,site|x|instagram,active,2026-06-27
pc_keyboard_research,rakuten,【楽天1位獲得】iPad キーボード ケース 第9世代 iPad A16 キーボード 着脱式 iPad 10.9インチ 第10世代 11インチiPad Air M4 M3 M2 iPad Air 第5世代 11インチ iPad Pro M5 M4 第8世代 第7世代 mini 軽量 Bluetooth キーボード スタンド ペン収納 10.5インチ 10.2インチ,AI・ガジェット,PCキーボード|ワイヤレス キーボード|【楽天1位獲得】iPad キーボード ケース 第9世代 iPad A16 キーボード 着脱式 iPad 10.9インチ 第10世代 11インチiPad Air M4 M3 M2 iPad Air 第5世代 11インチ iPad Pro M5 M4 第8世代 第7世代 mini 軽量 Bluetooth キーボード スタンド ペン収納 10.5インチ 10.2インチ,PCキーボード,ワイヤレス キーボード,https://hb.afl.rakuten.co.jp/hgc/g00simtn.ndhmt6eb.g00simtn.ndhmuc97/?pc=https%3A%2F%2Fitem.rakuten.co.jp%2Flivelylife%2Fa301769%2F&m=http%3A%2F%2Fm.rakuten.co.jp%2Flivelylife%2Fi%2F10002903%2F&rafcid=wsc_i_is_124a6e86-bc9f-4472-a72d-86c28484d720,https://hb.afl.rakuten.co.jp/hgc/g00simtn.ndhmt6eb.g00simtn.ndhmuc97/?pc=https%3A%2F%2Fitem.rakuten.co.jp%2Flivelylife%2Fa301769%2F&m=http%3A%2F%2Fm.rakuten.co.jp%2Flivelylife%2Fi%2F10002903%2F&rafcid=wsc_i_is_124a6e86-bc9f-4472-a72d-86c28484d720,percent,0,site|x|instagram,active,2026-06-27
usb_c_hub_research,rakuten,USB C ハブ USB Cドック 6in1ハブ ドッキングステーション 変換アダプター 3つのUSB ポート type C HDMI 1つUSB 3.0ポート+2つUSB2.0ポート対応 SDカード スロット搭載TFカードリーダー ゆうパケット 送料無料 【PL保険加入済み製品・安心】,AI・ガジェット,USB-Cハブ|USB-C ハブ|USB C ハブ USB Cドック 6in1ハブ ドッキングステーション 変換アダプター 3つのUSB ポート type C HDMI 1つUSB 3.0ポート+2つUSB2.0ポート対応 SDカード スロット搭載TFカードリーダー ゆうパケット 送料無料 【PL保険加入済み製品・安心】,USB-Cハブ,USB-C ハブ,https://hb.afl.rakuten.co.jp/hgc/g00skpsn.ndhmtf07.g00skpsn.ndhmu348/?pc=https%3A%2F%2Fitem.rakuten.co.jp%2Faidort%2Fslub-994%2F&m=http%3A%2F%2Fm.rakuten.co.jp%2Faidort%2Fi%2F10002323%2F&rafcid=wsc_i_is_124a6e86-bc9f-4472-a72d-86c28484d720,https://hb.afl.rakuten.co.jp/hgc/g00skpsn.ndhmtf07.g00skpsn.ndhmu348/?pc=https%3A%2F%2Fitem.rakuten.co.jp%2Faidort%2Fslub-994%2F&m=http%3A%2F%2Fm.rakuten.co.jp%2Faidort%2Fi%2F10002323%2F&rafcid=wsc_i_is_124a6e86-bc9f-4472-a72d-86c28484d720,percent,0,site|x|instagram,active,2026-06-27
webcam_research,rakuten,webカメラ ウェブカメラ マイク付き マイク内蔵 ビデオカメラ 広角 高画質 パソコン pc 使い方 テレワーク 在宅勤務 テレビ電話 通話 周辺機器 リモート会議 ウェブ テレビ 電話 PC WEB会議 ブラック 黒 zoom 送料無料 webカメラ マイク内蔵 webカメラ マイク ウェブ カメラ,AI・ガジェット,Webカメラ|ウェブカメラ マイク内蔵|webカメラ ウェブカメラ マイク付き マイク内蔵 ビデオカメラ 広角 高画質 パソコン pc 使い方 テレワーク 在宅勤務 テレビ電話 通話 周辺機器 リモート会議 ウェブ テレビ 電話 PC WEB会議 ブラック 黒 zoom 送料無料 webカメラ マイク内蔵 webカメラ マイク ウェブ カメラ,Webカメラ,ウェブカメラ マイク内蔵,https://hb.afl.rakuten.co.jp/hgc/g00tyrxn.ndhmt86e.g00tyrxn.ndhmu681/?pc=https%3A%2F%2Fitem.rakuten.co.jp%2Fhabit-balance%2Fwebcamera%2F&m=http%3A%2F%2Fm.rakuten.co.jp%2Fhabit-balance%2Fi%2F10000051%2F&rafcid=wsc_i_is_124a6e86-bc9f-4472-a72d-86c28484d720,https://hb.afl.rakuten.co.jp/hgc/g00tyrxn.ndhmt86e.g00tyrxn.ndhmu681/?pc=https%3A%2F%2Fitem.rakuten.co.jp%2Fhabit-balance%2Fwebcamera%2F&m=http%3A%2F%2Fm.rakuten.co.jp%2Fhabit-balance%2Fi%2F10000051%2F&rafcid=wsc_i_is_124a6e86-bc9f-4472-a72d-86c28484d720,percent,0,site|x|instagram,active,2026-06-27
wireless_mouse_research,rakuten,【SALE】 ロジクール ワイヤレスマウス M220 無線 マウス 静音 小型 左右対称 ワイヤレス windows mac chrome M220CG M220OW M220RO 国内正規品 3年間無償保証,AI・ガジェット,ワイヤレスマウス|ワイヤレスマウス 静音|【SALE】 ロジクール ワイヤレスマウス M220 無線 マウス 静音 小型 左右対称 ワイヤレス windows mac chrome M220CG M220OW M220RO 国内正規品 3年間無償保証,ワイヤレスマウス,ワイヤレスマウス 静音,https://hb.afl.rakuten.co.jp/hgc/g00tpxdn.ndhmte84.g00tpxdn.ndhmuaa0/?pc=https%3A%2F%2Fitem.rakuten.co.jp%2Flogicool%2Fm220gr%2F&m=http%3A%2F%2Fm.rakuten.co.jp%2Flogicool%2Fi%2F10000275%2F&rafcid=wsc_i_is_124a6e86-bc9f-4472-a72d-86c28484d720,https://hb.afl.rakuten.co.jp/hgc/g00tpxdn.ndhmte84.g00tpxdn.ndhmuaa0/?pc=https%3A%2F%2Fitem.rakuten.co.jp%2Flogicool%2Fm220gr%2F&m=http%3A%2F%2Fm.rakuten.co.jp%2Flogicool%2Fi%2F10000275%2F&rafcid=wsc_i_is_124a6e86-bc9f-4472-a72d-86c28484d720,percent,0,site|x|instagram,active,2026-06-27
